"DateTime","Players","Average Players"
"2022-01-12 00:00:00",90773,
"2022-01-13 00:00:00",99076,
"2022-01-14 00:00:00",109341,
"2022-01-15 00:00:00",130427,
"2022-01-16 00:00:00",134262,
"2022-01-17 00:00:00",114048,
"2022-01-18 00:00:00",111392,
"2022-01-19 00:00:00",105767,
"2022-01-20 00:00:00",100299,
"2022-01-21 00:00:00",100860,
"2022-01-22 00:00:00",118517,
"2022-01-23 00:00:00",113786,
"2022-01-24 00:00:00",90229,
"2022-01-25 00:00:00",84065,
"2022-01-26 00:00:00",79274,
"2022-01-27 00:00:00",74883,
"2022-01-28 00:00:00",73314,
"2022-01-29 00:00:00",83109,
"2022-01-30 00:00:00",77676,
"2022-01-31 00:00:00",57332,
"2022-02-01 00:00:00",58163,
"2022-02-02 00:00:00",56375,
"2022-02-03 00:00:00",55124,
"2022-02-04 00:00:00",54914,
"2022-02-05 00:00:00",61511,
"2022-02-06 00:00:00",58260,
"2022-02-07 00:00:00",47403,
"2022-02-08 00:00:00",45235,
"2022-02-09 00:00:00",40739,
"2022-02-10 00:00:00",40391,
"2022-02-11 00:00:00",41288,
"2022-02-12 00:00:00",43160,
"2022-02-13 00:00:00",40426,
"2022-02-14 00:00:00",32366,
"2022-02-15 00:00:00",31229,
"2022-02-16 00:00:00",28540,
"2022-02-17 00:00:00",26789,
"2022-02-18 00:00:00",27651,
"2022-02-19 00:00:00",31347,
"2022-02-20 00:00:00",29111,
"2022-02-21 00:00:00",24165,
"2022-02-22 00:00:00",23776,
"2022-02-23 00:00:00",22131,
"2022-02-24 00:00:00",26263,
"2022-02-25 00:00:00",21225,
"2022-02-26 00:00:00",22306,
"2022-02-27 00:00:00",19603,
"2022-02-28 00:00:00",16151,
"2022-03-01 00:00:00",15406,
"2022-03-02 00:00:00",14149,
"2022-03-03 00:00:00",13634,
"2022-03-04 00:00:00",14445,
"2022-03-05 00:00:00",15664,
"2022-03-06 00:00:00",14506,
"2022-03-07 00:00:00",12089,
"2022-03-08 00:00:00",11595,
"2022-03-09 00:00:00",11440,
"2022-03-10 00:00:00",10763,
"2022-03-11 00:00:00",11853,
"2022-03-12 00:00:00",13521,
"2022-03-13 00:00:00",12652,
"2022-03-14 00:00:00",10473,
"2022-03-15 00:00:00",13444,
"2022-03-16 00:00:00",18113,
"2022-03-17 00:00:00",20191,
"2022-03-18 00:00:00",22532,
"2022-03-19 00:00:00",26410,
"2022-03-20 00:00:00",27758,
"2022-03-21 00:00:00",25309,
"2022-03-22 00:00:00",24011,
"2022-03-23 00:00:00",23579,
"2022-03-24 00:00:00",22494,
"2022-03-25 00:00:00",22225,
"2022-03-26 00:00:00",24022,
"2022-03-27 00:00:00",22613,
"2022-03-28 00:00:00",19077,
"2022-03-29 00:00:00",18464,
"2022-03-30 00:00:00",16869,
"2022-03-31 00:00:00",16408,
"2022-04-01 00:00:00",16442,
"2022-04-02 00:00:00",18527,
"2022-04-03 00:00:00",18191,
"2022-04-04 00:00:00",15488,
"2022-04-05 00:00:00",15088,
"2022-04-06 00:00:00",14276,
"2022-04-07 00:00:00",13865,
"2022-04-08 00:00:00",14129,
"2022-04-09 00:00:00",15540,
"2022-04-10 00:00:00",14875,
"2022-04-11 00:00:00",13128,
"2022-04-12 00:00:00",12263,
"2022-04-13 00:00:00",11595,
"2022-04-14 00:00:00",11527,
"2022-04-15 00:00:00",12686,
"2022-04-16 00:00:00",13555,
"2022-04-17 00:00:00",12761,
"2022-04-18 00:00:00",11912,
"2022-04-19 00:00:00",10698,
"2022-04-20 00:00:00",10350,
"2022-04-21 00:00:00",10205,
"2022-04-22 00:00:00",10594,
"2022-04-23 00:00:00",12234,
"2022-04-24 00:00:00",11707,
"2022-04-25 00:00:00",9909,
"2022-04-26 00:00:00",9595,
"2022-04-27 00:00:00",9319,
"2022-04-28 00:00:00",12270,
"2022-04-29 00:00:00",15919,
"2022-04-30 00:00:00",20644,
"2022-05-01 00:00:00",23392,
"2022-05-02 00:00:00",23481,
"2022-05-03 00:00:00",24317,
"2022-05-04 00:00:00",24081,
"2022-05-05 00:00:00",25298,
"2022-05-06 00:00:00",25282,
"2022-05-07 00:00:00",28913,
"2022-05-08 00:00:00",29262,
"2022-05-09 00:00:00",26160,
"2022-05-10 00:00:00",26629,
"2022-05-11 00:00:00",29820,
"2022-05-12 00:00:00",29451,
"2022-05-13 00:00:00",29009,
"2022-05-14 00:00:00",31601,
"2022-05-15 00:00:00",28876,
"2022-05-16 00:00:00",26968,
"2022-05-17 00:00:00",26555,
"2022-05-18 00:00:00",26024,
"2022-05-19 00:00:00",24961,
"2022-05-20 00:00:00",23673,
"2022-05-21 00:00:00",26501,
"2022-05-22 00:00:00",25605,
"2022-05-23 00:00:00",23335,
"2022-05-24 00:00:00",22123,
"2022-05-25 00:00:00",21788,
"2022-05-26 00:00:00",22765,
"2022-05-27 00:00:00",22974,
"2022-05-28 00:00:00",25399,
"2022-05-29 00:00:00",24100,
"2022-05-30 00:00:00",21465,
"2022-05-31 00:00:00",20294,
"2022-06-01 00:00:00",19662,
"2022-06-02 00:00:00",20209,
"2022-06-03 00:00:00",21709,
"2022-06-04 00:00:00",24497,
"2022-06-05 00:00:00",24212,
"2022-06-06 00:00:00",23215,
"2022-06-07 00:00:00",21332,
"2022-06-08 00:00:00",20584,
"2022-06-09 00:00:00",20024,
"2022-06-10 00:00:00",20615,
"2022-06-11 00:00:00",24155,
"2022-06-12 00:00:00",23638,
"2022-06-13 00:00:00",20395,
"2022-06-14 00:00:00",32944,
"2022-06-15 00:00:00",35291,
"2022-06-16 00:00:00",42892,
"2022-06-17 00:00:00",48551,
"2022-06-18 00:00:00",58032,
"2022-06-19 00:00:00",61467,
"2022-06-20 00:00:00",59659,
"2022-06-21 00:00:00",60622,
"2022-06-22 00:00:00",58850,
"2022-06-23 00:00:00",59270,
"2022-06-24 00:00:00",60855,
"2022-06-25 00:00:00",68411,
"2022-06-26 00:00:00",69758,
"2022-06-27 00:00:00",65828,
"2022-06-28 00:00:00",67137,
"2022-06-29 00:00:00",75791,
"2022-06-30 00:00:00",194459,
"2022-07-01 00:00:00",209920,
"2022-07-02 00:00:00",227572,
"2022-07-03 00:00:00",231360,
"2022-07-04 00:00:00",220599,
"2022-07-05 00:00:00",209756,
"2022-07-06 00:00:00",202208,
"2022-07-07 00:00:00",196803,
"2022-07-08 00:00:00",184220,
"2022-07-09 00:00:00",203320,
"2022-07-10 00:00:00",194861,
"2022-07-11 00:00:00",173831,
"2022-07-12 00:00:00",167968,
"2022-07-13 00:00:00",157273,
"2022-07-14 00:00:00",152053,
"2022-07-15 00:00:00",146838,
"2022-07-16 00:00:00",155368,
"2022-07-17 00:00:00",153418,
"2022-07-18 00:00:00",133195,
"2022-07-19 00:00:00",127182,
"2022-07-20 00:00:00",122214,
"2022-07-21 00:00:00",120084,
"2022-07-22 00:00:00",121126,
"2022-07-23 00:00:00",130429,
"2022-07-24 00:00:00",121972,
"2022-07-25 00:00:00",108594,
"2022-07-26 00:00:00",106135,
"2022-07-27 00:00:00",100420,
"2022-07-28 00:00:00",96520,
"2022-07-29 00:00:00",94032,
"2022-07-30 00:00:00",99626,
"2022-07-31 00:00:00",93485,
"2022-08-01 00:00:00",82388,
"2022-08-02 00:00:00",79436,
"2022-08-03 00:00:00",76875,
"2022-08-04 00:00:00",76687,
"2022-08-05 00:00:00",79760,
"2022-08-06 00:00:00",86511,
"2022-08-07 00:00:00",83832,
"2022-08-08 00:00:00",77089,
"2022-08-09 00:00:00",75490,
"2022-08-10 00:00:00",144520,
"2022-08-11 00:00:00",127793,
"2022-08-12 00:00:00",121095,
"2022-08-13 00:00:00",119000,
"2022-08-14 00:00:00",113420,
"2022-08-15 00:00:00",106032,
"2022-08-16 00:00:00",99453,
"2022-08-17 00:00:00",94107,
"2022-08-18 00:00:00",88574,
"2022-08-19 00:00:00",86538,
"2022-08-20 00:00:00",89022,
"2022-08-21 00:00:00",82273,
"2022-08-22 00:00:00",72167,
"2022-08-23 00:00:00",68750,
"2022-08-24 00:00:00",60192,
"2022-08-25 00:00:00",59723,
"2022-08-26 00:00:00",56526,
"2022-08-27 00:00:00",62434,
"2022-08-28 00:00:00",57713,
"2022-08-29 00:00:00",50928,
"2022-08-30 00:00:00",49505,
"2022-08-31 00:00:00",46952,
"2022-09-01 00:00:00",45904,
"2022-09-02 00:00:00",47275,
"2022-09-03 00:00:00",51791,
"2022-09-04 00:00:00",46610,
"2022-09-05 00:00:00",41897,
"2022-09-06 00:00:00",39835,
"2022-09-07 00:00:00",38147,
"2022-09-08 00:00:00",36925,
"2022-09-09 00:00:00",34569,
"2022-09-10 00:00:00",37353,
"2022-09-11 00:00:00",36081,
"2022-09-12 00:00:00",32377,
"2022-09-13 00:00:00",30989,
"2022-09-14 00:00:00",30067,
"2022-09-15 00:00:00",29463,
"2022-09-16 00:00:00",32158,
"2022-09-17 00:00:00",35279,
"2022-09-18 00:00:00",34785,
"2022-09-19 00:00:00",30409,
"2022-09-20 00:00:00",30329,
"2022-09-21 00:00:00",30358,
"2022-09-22 00:00:00",30534,
"2022-09-23 00:00:00",32507,17742
"2022-09-24 00:00:00",37293,21584
"2022-09-25 00:00:00",35441,21394
"2022-09-26 00:00:00",31750,15368
"2022-09-27 00:00:00",31639,15109
"2022-09-28 00:00:00",31241,15122
"2022-09-29 00:00:00",62834,30391
"2022-09-30 00:00:00",55191,28233
"2022-10-01 00:00:00",59195,35867
"2022-10-02 00:00:00",55730,35099
"2022-10-03 00:00:00",49993,27029
"2022-10-04 00:00:00",47438,24289
"2022-10-05 00:00:00",42812,21709
"2022-10-06 00:00:00",40346,20772
"2022-10-07 00:00:00",39792,20946
"2022-10-08 00:00:00",41944,23694
"2022-10-09 00:00:00",41361,23909
"2022-10-10 00:00:00",34764,19448
"2022-10-11 00:00:00",31654,15095
"2022-10-12 00:00:00",31114,14607
"2022-10-13 00:00:00",29872,14315
"2022-10-14 00:00:00",30018,14890
"2022-10-15 00:00:00",33322,19547
"2022-10-16 00:00:00",30780,19190
"2022-10-17 00:00:00",26397,13002
"2022-10-18 00:00:00",25578,12295
"2022-10-19 00:00:00",24270,11592
"2022-10-20 00:00:00",24448,11663
"2022-10-21 00:00:00",24417,12246
"2022-10-22 00:00:00",27145,16055
"2022-10-23 00:00:00",25109,15515
"2022-10-24 00:00:00",21975,10720
"2022-10-25 00:00:00",21008,10160
"2022-10-26 00:00:00",20578,9816
"2022-10-27 00:00:00",20290,9724
"2022-10-28 00:00:00",20271,10214
"2022-10-29 00:00:00",22371,13162
"2022-10-30 00:00:00",20826,12861
"2022-10-31 00:00:00",18326,8985
"2022-11-01 00:00:00",17996,8947
"2022-11-02 00:00:00",16638,8368
"2022-11-03 00:00:00",16595,9058
"2022-11-04 00:00:00",16968,8836
"2022-11-05 00:00:00",18893,11224
"2022-11-06 00:00:00",17735,11078
"2022-11-07 00:00:00",14990,7714
"2022-11-08 00:00:00",14819,7437
"2022-11-09 00:00:00",14406,7188
"2022-11-10 00:00:00",14433,7337
"2022-11-11 00:00:00",17411,9218
"2022-11-12 00:00:00",21494,13188
"2022-11-13 00:00:00",22853,14542
"2022-11-14 00:00:00",21717,11099
"2022-11-15 00:00:00",22212,11299
"2022-11-16 00:00:00",23427,11854
"2022-11-17 00:00:00",25020,12846
"2022-11-18 00:00:00",25677,13493
"2022-11-19 00:00:00",29202,17493
"2022-11-20 00:00:00",29173,18295
"2022-11-21 00:00:00",26338,13880
"2022-11-22 00:00:00",28113,14344
"2022-11-23 00:00:00",27630,15369
"2022-11-24 00:00:00",51105,27324
"2022-11-25 00:00:00",51146,27426
"2022-11-26 00:00:00",55144,33839
"2022-11-27 00:00:00",54002,33032
"2022-11-28 00:00:00",48501,25478
"2022-11-29 00:00:00",48577,24663
"2022-11-30 00:00:00",47502,24029
"2022-12-01 00:00:00",44050,22248
"2022-12-02 00:00:00",44289,23003
"2022-12-03 00:00:00",47753,28576
"2022-12-04 00:00:00",44903,27779
"2022-12-05 00:00:00",39605,20179
"2022-12-06 00:00:00",43564,20748
"2022-12-07 00:00:00",33560,16782
"2022-12-08 00:00:00",32758,16429
"2022-12-09 00:00:00",32196,16300
"2022-12-10 00:00:00",34702,20487
"2022-12-11 00:00:00",33212,20386
"2022-12-12 00:00:00",28966,14712
"2022-12-13 00:00:00",28057,14279
"2022-12-14 00:00:00",26897,13495
"2022-12-15 00:00:00",26116,13195
"2022-12-16 00:00:00",25965,13774
"2022-12-17 00:00:00",28392,17057
"2022-12-18 00:00:00",26796,16701
"2022-12-19 00:00:00",23483,12582
"2022-12-20 00:00:00",23352,12407
"2022-12-21 00:00:00",22466,12153
"2022-12-22 00:00:00",21850,12217
"2022-12-23 00:00:00",23491,13818
"2022-12-24 00:00:00",26134,16631
"2022-12-25 00:00:00",26533,17161
"2022-12-26 00:00:00",27788,16441
"2022-12-27 00:00:00",28846,16967
"2022-12-28 00:00:00",29578,17468
"2022-12-29 00:00:00",30825,18720
"2022-12-30 00:00:00",30957,19343
"2022-12-31 00:00:00",29792,20388
"2023-01-01 00:00:00",32502,21532
"2023-01-02 00:00:00",34044,22193
"2023-01-03 00:00:00",33199,19711
"2023-01-04 00:00:00",33424,19108
"2023-01-05 00:00:00",33681,18824
"2023-01-06 00:00:00",34126,19374
"2023-01-07 00:00:00",35939,22425
"2023-01-08 00:00:00",35916,22946
"2023-01-09 00:00:00",31115,18031
"2023-01-10 00:00:00",29966,16250
"2023-01-11 00:00:00",29058,15597
"2023-01-12 00:00:00",27648,15282
"2023-01-13 00:00:00",28246,16084
"2023-01-14 00:00:00",30996,19743
"2023-01-15 00:00:00",30464,19795
"2023-01-16 00:00:00",26509,15317
"2023-01-17 00:00:00",25662,14257
"2023-01-18 00:00:00",23881,13583
"2023-01-19 00:00:00",23748,13720
"2023-01-20 00:00:00",24487,14794
"2023-01-21 00:00:00",26024,17382
"2023-01-22 00:00:00",27227,18433
"2023-01-23 00:00:00",24052,15274
"2023-01-24 00:00:00",24557,15482
"2023-01-25 00:00:00",24145,15114
"2023-01-26 00:00:00",24966,15175
"2023-01-27 00:00:00",25778,15903
"2023-01-28 00:00:00",29243,18504
"2023-01-29 00:00:00",29008,18904
"2023-01-30 00:00:00",25696,14939
"2023-01-31 00:00:00",25574,14683
"2023-02-01 00:00:00",25361,14497
"2023-02-02 00:00:00",29656,16832
"2023-02-03 00:00:00",30987,17777
"2023-02-04 00:00:00",35552,22550
"2023-02-05 00:00:00",35002,23340
"2023-02-06 00:00:00",31533,17899
"2023-02-07 00:00:00",58792,31872
"2023-02-08 00:00:00",49902,26423
"2023-02-09 00:00:00",46958,24741
"2023-02-10 00:00:00",46269,25418
"2023-02-11 00:00:00",48199,30182
"2023-02-12 00:00:00",46327,29525
"2023-02-13 00:00:00",40903,21278
"2023-02-14 00:00:00",37479,19281
"2023-02-15 00:00:00",35046,18081
"2023-02-16 00:00:00",34539,17755
"2023-02-17 00:00:00",34028,18328
"2023-02-18 00:00:00",38110,23271
"2023-02-19 00:00:00",36890,23586
"2023-02-20 00:00:00",32041,17504
"2023-02-21 00:00:00",30443,16190
"2023-02-22 00:00:00",29968,15933
"2023-02-23 00:00:00",29824,16802
"2023-02-24 00:00:00",28107,15608
"2023-02-25 00:00:00",31542,19450
"2023-02-26 00:00:00",30660,19641
"2023-02-27 00:00:00",26700,14186
"2023-02-28 00:00:00",25494,13524
"2023-03-01 00:00:00",24177,12668
"2023-03-02 00:00:00",24301,12632
"2023-03-03 00:00:00",24682,13196
"2023-03-04 00:00:00",29850,18066
"2023-03-05 00:00:00",30760,19630
"2023-03-06 00:00:00",28145,14773
"2023-03-07 00:00:00",28668,14638
"2023-03-08 00:00:00",28964,14861
"2023-03-09 00:00:00",30170,15342
"2023-03-10 00:00:00",32176,16953
"2023-03-11 00:00:00",36355,22422
"2023-03-12 00:00:00",37822,23876
"2023-03-13 00:00:00",35487,17875
"2023-03-14 00:00:00",35125,17413
"2023-03-15 00:00:00",35210,17587
"2023-03-16 00:00:00",35202,17624
"2023-03-17 00:00:00",36069,18728
"2023-03-18 00:00:00",39831,23953
"2023-03-19 00:00:00",39795,24427
"2023-03-20 00:00:00",37662,18823
"2023-03-21 00:00:00",36795,19269
"2023-03-22 00:00:00",36206,18048
"2023-03-23 00:00:00",37244,18403
"2023-03-24 00:00:00",36362,18665
"2023-03-25 00:00:00",38506,22574
"2023-03-26 00:00:00",36977,22275
"2023-03-27 00:00:00",33502,16145
"2023-03-28 00:00:00",32562,15698
"2023-03-29 00:00:00",31232,15217
"2023-03-30 00:00:00",31749,15324
"2023-03-31 00:00:00",31135,15901
"2023-04-01 00:00:00",32463,19408
"2023-04-02 00:00:00",32397,19299
"2023-04-03 00:00:00",29481,14491
"2023-04-04 00:00:00",29637,14827
"2023-04-05 00:00:00",29321,15915
"2023-04-06 00:00:00",27901,13616
"2023-04-07 00:00:00",29213,14958
"2023-04-08 00:00:00",30409,17818
"2023-04-09 00:00:00",28418,17185
"2023-04-10 00:00:00",27015,12856
"2023-04-11 00:00:00",25218,11863
"2023-04-12 00:00:00",24021,11337
"2023-04-13 00:00:00",24856,11761
"2023-04-14 00:00:00",25522,12530
"2023-04-15 00:00:00",27513,16154
"2023-04-16 00:00:00",26370,15814
"2023-04-17 00:00:00",23340,11152
"2023-04-18 00:00:00",23835,11312
"2023-04-19 00:00:00",26746,12481
"2023-04-20 00:00:00",66689,32546
"2023-04-21 00:00:00",64390,32177
"2023-04-22 00:00:00",67716,40047
"2023-04-23 00:00:00",66829,37729
"2023-04-24 00:00:00",60821,28627
"2023-04-25 00:00:00",60210,27980
"2023-04-26 00:00:00",50208,23687
"2023-04-27 00:00:00",48789,22575
"2023-04-28 00:00:00",47224,23713
"2023-04-29 00:00:00",49054,29925
"2023-04-30 00:00:00",46819,29460
"2023-05-01 00:00:00",45303,25351
"2023-05-02 00:00:00",41955,23068
"2023-05-03 00:00:00",40817,23113
"2023-05-04 00:00:00",43476,22829
"2023-05-05 00:00:00",43022,23576
"2023-05-06 00:00:00",46011,26231
"2023-05-07 00:00:00",44462,27159
"2023-05-08 00:00:00",39932,18525
"2023-05-09 00:00:00",37966,17521
"2023-05-10 00:00:00",35455,16512
"2023-05-11 00:00:00",34477,16328
"2023-05-12 00:00:00",33736,16739
"2023-05-13 00:00:00",36365,21417
"2023-05-14 00:00:00",33513,20381
"2023-05-15 00:00:00",29356,14079
"2023-05-16 00:00:00",28793,13572
"2023-05-17 00:00:00",27386,13211
"2023-05-18 00:00:00",27408,13247
"2023-05-19 00:00:00",27218,13902
"2023-05-20 00:00:00",28913,17525
"2023-05-21 00:00:00",27417,17060
"2023-05-22 00:00:00",24423,11937
"2023-05-23 00:00:00",23790,11538
"2023-05-24 00:00:00",22653,10900
"2023-05-25 00:00:00",23015,11180
"2023-05-26 00:00:00",23835,11911
"2023-05-27 00:00:00",25318,15109
"2023-05-28 00:00:00",24098,14976
"2023-05-29 00:00:00",22645,11573
"2023-05-30 00:00:00",21163,10369
"2023-05-31 00:00:00",20130,9904
"2023-06-01 00:00:00",19831,9820
"2023-06-02 00:00:00",20608,10471
"2023-06-03 00:00:00",22178,13083
"2023-06-04 00:00:00",20650,12707
"2023-06-05 00:00:00",18445,9150
"2023-06-06 00:00:00",17881,8956
"2023-06-07 00:00:00",18551,9162
"2023-06-08 00:00:00",39873,19800
"2023-06-09 00:00:00",35108,17418
"2023-06-10 00:00:00",35934,20995
"2023-06-11 00:00:00",33745,20570
"2023-06-12 00:00:00",30058,14801
"2023-06-13 00:00:00",28577,13873
"2023-06-14 00:00:00",26876,13374
"2023-06-15 00:00:00",26436,13269
"2023-06-16 00:00:00",26805,13711
"2023-06-17 00:00:00",28664,17093
"2023-06-18 00:00:00",27336,16912
"2023-06-19 00:00:00",24395,12617
"2023-06-20 00:00:00",23848,12191
"2023-06-21 00:00:00",23029,12079
"2023-06-22 00:00:00",22752,12766
"2023-06-23 00:00:00",22372,12681
"2023-06-24 00:00:00",23360,14234
"2023-06-25 00:00:00",22350,13519
"2023-06-26 00:00:00",19663,10162
"2023-06-27 00:00:00",19099,9742
"2023-06-28 00:00:00",17997,9288
"2023-06-29 00:00:00",17410,9065
"2023-06-30 00:00:00",19057,10035
"2023-07-01 00:00:00",22070,13313
"2023-07-02 00:00:00",22054,13796
"2023-07-03 00:00:00",20472,10920
"2023-07-04 00:00:00",20663,11285
"2023-07-05 00:00:00",20175,10719
"2023-07-06 00:00:00",20424,10837
"2023-07-07 00:00:00",20636,11371
"2023-07-08 00:00:00",23115,14310
"2023-07-09 00:00:00",22656,14585
"2023-07-10 00:00:00",20758,11167
"2023-07-11 00:00:00",20756,10998
"2023-07-12 00:00:00",20463,10900
"2023-07-13 00:00:00",20508,11000
"2023-07-14 00:00:00",20332,11075
"2023-07-15 00:00:00",21745,13459
"2023-07-16 00:00:00",21692,13727
"2023-07-17 00:00:00",19228,11066
"2023-07-18 00:00:00",18484,9839
"2023-07-19 00:00:00",17279,9267
"2023-07-20 00:00:00",17376,9062
"2023-07-21 00:00:00",16652,8968
"2023-07-22 00:00:00",17827,10945
"2023-07-23 00:00:00",17306,10942
"2023-07-24 00:00:00",15378,8254
"2023-07-25 00:00:00",15485,8182
"2023-07-26 00:00:00",15306,8169
"2023-07-27 00:00:00",16050,8543
"2023-07-28 00:00:00",16393,8942
"2023-07-29 00:00:00",17436,10903
"2023-07-30 00:00:00",17589,11320
"2023-07-31 00:00:00",16143,8877
"2023-08-01 00:00:00",16173,8742
"2023-08-02 00:00:00",15778,8631
"2023-08-03 00:00:00",15633,8497
"2023-08-04 00:00:00",15289,8479
"2023-08-05 00:00:00",16370,10161
"2023-08-06 00:00:00",16758,10523
"2023-08-07 00:00:00",15436,8261
"2023-08-08 00:00:00",14754,7933
"2023-08-09 00:00:00",14097,7565
"2023-08-10 00:00:00",13714,7460
"2023-08-11 00:00:00",13442,7687
"2023-08-12 00:00:00",13902,8713
"2023-08-13 00:00:00",14140,9007
"2023-08-14 00:00:00",13593,7566
"2023-08-15 00:00:00",13320,7570
"2023-08-16 00:00:00",12065,6702
"2023-08-17 00:00:00",11764,6363
"2023-08-18 00:00:00",11828,6416
"2023-08-19 00:00:00",12728,7687
"2023-08-20 00:00:00",12539,7874
"2023-08-21 00:00:00",11413,6014
"2023-08-22 00:00:00",11242,5750
"2023-08-23 00:00:00",11157,5746
"2023-08-24 00:00:00",10994,5727
"2023-08-25 00:00:00",10981,5782
"2023-08-26 00:00:00",11850,7094
"2023-08-27 00:00:00",11849,7275
"2023-08-28 00:00:00",10741,5525
"2023-08-29 00:00:00",10641,5423
"2023-08-30 00:00:00",10159,5274
"2023-08-31 00:00:00",10001,5141
"2023-09-01 00:00:00",10364,5418
"2023-09-02 00:00:00",11523,6789
"2023-09-03 00:00:00",11376,7001
"2023-09-04 00:00:00",10412,5404
"2023-09-05 00:00:00",10014,5022
"2023-09-06 00:00:00",9905,4834
"2023-09-07 00:00:00",9790,4814
"2023-09-08 00:00:00",10426,5289
"2023-09-09 00:00:00",11468,6678
"2023-09-10 00:00:00",10994,6786
"2023-09-11 00:00:00",9785,4893
"2023-09-12 00:00:00",11179,5443
"2023-09-13 00:00:00",12214,6077
"2023-09-14 00:00:00",12994,6550
"2023-09-15 00:00:00",14525,7505
"2023-09-16 00:00:00",17102,10207
"2023-09-17 00:00:00",18447,11242
"2023-09-18 00:00:00",17334,9155
"2023-09-19 00:00:00",17120,8598
"2023-09-20 00:00:00",16996,8611
"2023-09-21 00:00:00",17431,8764
"2023-09-22 00:00:00",18872,9902
"2023-09-23 00:00:00",21986,13317
"2023-09-24 00:00:00",22582,14093
"2023-09-25 00:00:00",21899,10989
"2023-09-26 00:00:00",21217,10691
"2023-09-27 00:00:00",19897,10208
"2023-09-28 00:00:00",18478,10048
"2023-09-29 00:00:00",18080,10762
"2023-09-30 00:00:00",20218,12880
"2023-10-01 00:00:00",20213,13107
"2023-10-02 00:00:00",18583,10785
"2023-10-03 00:00:00",18207,10405
"2023-10-04 00:00:00",18015,9926
"2023-10-05 00:00:00",17937,9917
"2023-10-06 00:00:00",18545,10186
"2023-10-07 00:00:00",20707,11750
"2023-10-08 00:00:00",21327,12415
"2023-10-09 00:00:00",18996,10677
"2023-10-10 00:00:00",18276,9128
"2023-10-11 00:00:00",17319,8489
"2023-10-12 00:00:00",17287,8531
"2023-10-13 00:00:00",17724,9174
"2023-10-14 00:00:00",20075,11787
"2023-10-15 00:00:00",19070,11662
"2023-10-16 00:00:00",16643,8264
"2023-10-17 00:00:00",16467,8119
"2023-10-18 00:00:00",16059,7913
"2023-10-19 00:00:00",15762,7782
"2023-10-20 00:00:00",16137,8247
"2023-10-21 00:00:00",17844,10683
"2023-10-22 00:00:00",17410,10641
"2023-10-23 00:00:00",15232,7676
"2023-10-24 00:00:00",15273,7434
"2023-10-25 00:00:00",14722,7332
"2023-10-26 00:00:00",15444,7607
"2023-10-27 00:00:00",16724,8588
"2023-10-28 00:00:00",19457,11511
"2023-10-29 00:00:00",19714,12055
"2023-10-30 00:00:00",18242,9105
"2023-10-31 00:00:00",18378,8985
"2023-11-01 00:00:00",18687,9136
"2023-11-02 00:00:00",18720,9410
"2023-11-03 00:00:00",19089,10450
"2023-11-04 00:00:00",21414,12885
"2023-11-05 00:00:00",21469,13381
"2023-11-06 00:00:00",19729,9878
"2023-11-07 00:00:00",19819,9814
"2023-11-08 00:00:00",18450,9190
"2023-11-09 00:00:00",18359,9000
"2023-11-10 00:00:00",18767,9679
"2023-11-11 00:00:00",20522,12117
"2023-11-12 00:00:00",19818,12117
"2023-11-13 00:00:00",17467,8776
"2023-11-14 00:00:00",17322,8517
"2023-11-15 00:00:00",16399,8034
"2023-11-16 00:00:00",15909,7818
"2023-11-17 00:00:00",16353,8298
"2023-11-18 00:00:00",18145,10642
"2023-11-19 00:00:00",17214,10427
"2023-11-20 00:00:00",15159,7587
"2023-11-21 00:00:00",15049,7378
"2023-11-22 00:00:00",16422,8082
"2023-11-23 00:00:00",17514,9138
"2023-11-24 00:00:00",18351,9528
"2023-11-25 00:00:00",20915,12502
"2023-11-26 00:00:00",21206,12960
"2023-11-27 00:00:00",19460,9608
"2023-11-28 00:00:00",20165,9647
"2023-11-29 00:00:00",20136,9695
"2023-11-30 00:00:00",19934,9447
"2023-12-01 00:00:00",19961,9899
"2023-12-02 00:00:00",21983,12679
"2023-12-03 00:00:00",21143,12595
"2023-12-04 00:00:00",19305,9126
"2023-12-05 00:00:00",19083,8862
"2023-12-06 00:00:00",18365,8623
"2023-12-07 00:00:00",17455,8254
"2023-12-08 00:00:00",19990,9721
"2023-12-09 00:00:00",23453,13687
"2023-12-10 00:00:00",24511,14826
"2023-12-11 00:00:00",23127,11357
"2023-12-12 00:00:00",23662,11502
"2023-12-13 00:00:00",23990,11517
"2023-12-14 00:00:00",23731,11399
"2023-12-15 00:00:00",24071,12272
"2023-12-16 00:00:00",27077,15707
"2023-12-17 00:00:00",27307,16288
"2023-12-18 00:00:00",25401,12452
"2023-12-19 00:00:00",25538,12569
"2023-12-20 00:00:00",25156,12426
"2023-12-21 00:00:00",24855,12340
"2023-12-22 00:00:00",25276,13069
"2023-12-23 00:00:00",27171,16052
"2023-12-24 00:00:00",25943,15446
"2023-12-25 00:00:00",25676,13172
"2023-12-26 00:00:00",26657,13727
"2023-12-27 00:00:00",25968,13528
"2023-12-28 00:00:00",26587,13961
"2023-12-29 00:00:00",26972,15106
"2023-12-30 00:00:00",27517,17250
"2023-12-31 00:00:00",25317,16854
"2024-01-01 00:00:00",27266,17038
"2024-01-02 00:00:00",28161,15619
"2024-01-03 00:00:00",28290,15458
"2024-01-04 00:00:00",27962,15240
"2024-01-05 00:00:00",29098,15855
"2024-01-06 00:00:00",30959,19149
"2024-01-07 00:00:00",30114,19346
"2024-01-08 00:00:00",26402,14966
"2024-01-09 00:00:00",26213,13936
"2024-01-10 00:00:00",24774,13244
"2024-01-11 00:00:00",23859,12835
"2024-01-12 00:00:00",24926,13638
"2024-01-13 00:00:00",27485,17345
"2024-01-14 00:00:00",26761,17587
"2024-01-15 00:00:00",24076,13707
"2024-01-16 00:00:00",23465,13088
"2024-01-17 00:00:00",22836,12445
"2024-01-18 00:00:00",22325,12214
"2024-01-19 00:00:00",22019,12363
"2024-01-20 00:00:00",22781,14423
"2024-01-21 00:00:00",21200,13824
"2024-01-22 00:00:00",16703,9213
"2024-01-23 00:00:00",16615,9139
"2024-01-24 00:00:00",15909,8756
"2024-01-25 00:00:00",15718,8641
"2024-01-26 00:00:00",15994,9107
"2024-01-27 00:00:00",18515,11483
"2024-01-28 00:00:00",18639,11869
"2024-01-29 00:00:00",16590,9252
"2024-01-30 00:00:00",16972,9213
"2024-01-31 00:00:00",16140,8870
"2024-02-01 00:00:00",15081,8382
"2024-02-02 00:00:00",15274,8595
"2024-02-03 00:00:00",16995,10503
"2024-02-04 00:00:00",16786,10455
"2024-02-05 00:00:00",14946,8418
"2024-02-06 00:00:00",14088,8046
"2024-02-07 00:00:00",13614,7819
"2024-02-08 00:00:00",13147,7656
"2024-02-09 00:00:00",12214,7557
"2024-02-10 00:00:00",13926,8777
"2024-02-11 00:00:00",14197,9028
"2024-02-12 00:00:00",12588,8066
"2024-02-13 00:00:00",12617,7537
"2024-02-14 00:00:00",12090,7145
"2024-02-15 00:00:00",12367,7091
"2024-02-16 00:00:00",12697,7510
"2024-02-17 00:00:00",13924,8644
"2024-02-18 00:00:00",13997,8588
"2024-02-19 00:00:00",12532,6958
"2024-02-20 00:00:00",12537,6699
"2024-02-21 00:00:00",12236,6548
"2024-02-22 00:00:00",11933,6392
"2024-02-23 00:00:00",12128,6768
"2024-02-24 00:00:00",12997,7751
"2024-02-25 00:00:00",12572,7658
"2024-02-26 00:00:00",11431,5709
"2024-02-27 00:00:00",11153,5591
"2024-02-28 00:00:00",11219,5534
"2024-02-29 00:00:00",10780,5338
"2024-03-01 00:00:00",14172,6974
"2024-03-02 00:00:00",18698,10520
"2024-03-03 00:00:00",20846,11800
"2024-03-04 00:00:00",20500,9339
"2024-03-05 00:00:00",21613,9804
"2024-03-06 00:00:00",21689,9928
"2024-03-07 00:00:00",22102,10021
"2024-03-08 00:00:00",23710,11311
"2024-03-09 00:00:00",26619,14782
"2024-03-10 00:00:00",27370,15576
"2024-03-11 00:00:00",25998,11883
"2024-03-12 00:00:00",26794,11987
"2024-03-13 00:00:00",26640,12032
"2024-03-14 00:00:00",25987,11842
"2024-03-15 00:00:00",26792,12841
"2024-03-16 00:00:00",28880,16146
"2024-03-17 00:00:00",29186,16555
"2024-03-18 00:00:00",27763,12377
"2024-03-19 00:00:00",27833,12518
"2024-03-20 00:00:00",27092,12851
"2024-03-21 00:00:00",26088,11780
"2024-03-22 00:00:00",25827,12159
"2024-03-23 00:00:00",27158,15237
"2024-03-24 00:00:00",26432,14894
"2024-03-25 00:00:00",24421,11032
"2024-03-26 00:00:00",23994,10691
"2024-03-27 00:00:00",21629,9835
"2024-03-28 00:00:00",21438,9738
"2024-03-29 00:00:00",21808,10592
"2024-03-30 00:00:00",22323,12470
"2024-03-31 00:00:00",21659,12324
"2024-04-01 00:00:00",20824,9274
"2024-04-02 00:00:00",19539,8795
"2024-04-03 00:00:00",19448,9084
"2024-04-04 00:00:00",19368,10196
"2024-04-05 00:00:00",19151,10206
"2024-04-06 00:00:00",20584,11301
"2024-04-07 00:00:00",20606,10466
"2024-04-08 00:00:00",18837,8341
"2024-04-09 00:00:00",18536,8146
"2024-04-10 00:00:00",17818,8006
"2024-04-11 00:00:00",16658,7510
"2024-04-12 00:00:00",17026,8035
"2024-04-13 00:00:00",18515,10338
"2024-04-14 00:00:00",17552,10084
"2024-04-15 00:00:00",16025,7148
"2024-04-16 00:00:00",19372,8186
"2024-04-17 00:00:00",21370,9223
"2024-04-18 00:00:00",22760,9839
"2024-04-19 00:00:00",24303,11231
"2024-04-20 00:00:00",27813,15152
"2024-04-21 00:00:00",28895,15889
"2024-04-22 00:00:00",27663,11873
"2024-04-23 00:00:00",28271,12097
"2024-04-24 00:00:00",27263,11709
"2024-04-25 00:00:00",26705,11703
"2024-04-26 00:00:00",27445,12679
"2024-04-27 00:00:00",29674,16322
"2024-04-28 00:00:00",30795,16014
"2024-04-29 00:00:00",29061,14175
"2024-04-30 00:00:00",28072,13703
"2024-05-01 00:00:00",27030,14761
"2024-05-02 00:00:00",25224,13360
"2024-05-03 00:00:00",25104,13791
"2024-05-04 00:00:00",26564,14987
"2024-05-05 00:00:00",26921,14819
"2024-05-06 00:00:00",24562,11776
"2024-05-07 00:00:00",23680,10226
"2024-05-08 00:00:00",21722,9436
"2024-05-09 00:00:00",21661,9373
"2024-05-10 00:00:00",21622,9725
"2024-05-11 00:00:00",23327,11906
"2024-05-12 00:00:00",21864,12214
"2024-05-13 00:00:00",19987,8675
"2024-05-14 00:00:00",19608,8429
"2024-05-15 00:00:00",18695,8251
"2024-05-16 00:00:00",17847,7880
"2024-05-17 00:00:00",18743,8604
"2024-05-18 00:00:00",20030,11028
"2024-05-19 00:00:00",19386,11118
"2024-05-20 00:00:00",17816,8035
"2024-05-21 00:00:00",17328,7693
"2024-05-22 00:00:00",16073,7431
"2024-05-23 00:00:00",14800,6748
"2024-05-24 00:00:00",15368,7229
"2024-05-25 00:00:00",16444,9287
"2024-05-26 00:00:00",16153,9210
"2024-05-27 00:00:00",14680,6951
"2024-05-28 00:00:00",14313,6656
"2024-05-29 00:00:00",13796,6436
"2024-05-30 00:00:00",15490,7067
"2024-05-31 00:00:00",18895,9053
"2024-06-01 00:00:00",22814,12783
"2024-06-02 00:00:00",23858,14013
"2024-06-03 00:00:00",22379,10628
"2024-06-04 00:00:00",23258,10862
"2024-06-05 00:00:00",23025,10913
"2024-06-06 00:00:00",23105,11155
"2024-06-07 00:00:00",24072,12000
"2024-06-08 00:00:00",26836,15706
"2024-06-09 00:00:00",27762,16820
"2024-06-10 00:00:00",25516,14007
"2024-06-11 00:00:00",26064,12543
"2024-06-12 00:00:00",25473,12467
"2024-06-13 00:00:00",24326,11939
"2024-06-14 00:00:00",24501,12275
"2024-06-15 00:00:00",26391,15161
"2024-06-16 00:00:00",25221,15021
"2024-06-17 00:00:00",22882,11142
"2024-06-18 00:00:00",22585,10838
"2024-06-19 00:00:00",20575,9873
"2024-06-20 00:00:00",19740,9428
"2024-06-21 00:00:00",18879,9291
"2024-06-22 00:00:00",20363,11564
"2024-06-23 00:00:00",18905,11465
"2024-06-24 00:00:00",17247,8311
"2024-06-25 00:00:00",16416,7967
"2024-06-26 00:00:00",16193,7770
"2024-06-27 00:00:00",15378,7546
"2024-06-28 00:00:00",16395,8275
"2024-06-29 00:00:00",18674,10607
"2024-06-30 00:00:00",18640,11125
"2024-07-01 00:00:00",16933,8513
"2024-07-02 00:00:00",17257,8488
"2024-07-03 00:00:00",17028,8430
"2024-07-04 00:00:00",15422,7804
"2024-07-05 00:00:00",16102,8177
"2024-07-06 00:00:00",17530,10224
"2024-07-07 00:00:00",17415,10608
"2024-07-08 00:00:00",16026,8138
"2024-07-09 00:00:00",15813,7944
"2024-07-10 00:00:00",15700,7892
"2024-07-11 00:00:00",15674,7866
"2024-07-12 00:00:00",15898,8204
"2024-07-13 00:00:00",17028,9957
"2024-07-14 00:00:00",17217,10299
"2024-07-15 00:00:00",15257,8131
"2024-07-16 00:00:00",14806,7407
"2024-07-17 00:00:00",14053,7030
"2024-07-18 00:00:00",13439,6675
"2024-07-19 00:00:00",13527,6903
"2024-07-20 00:00:00",14577,8489
"2024-07-21 00:00:00",14236,8707
"2024-07-22 00:00:00",13042,6615
"2024-07-23 00:00:00",13314,6608
"2024-07-24 00:00:00",13342,6806
"2024-07-25 00:00:00",12704,6618
"2024-07-26 00:00:00",12810,6586
"2024-07-27 00:00:00",13738,7962
"2024-07-28 00:00:00",13378,8100
"2024-07-29 00:00:00",12342,6314
"2024-07-30 00:00:00",12406,6225
"2024-07-31 00:00:00",11647,5972
"2024-08-01 00:00:00",10962,5738
"2024-08-02 00:00:00",11610,5980
"2024-08-03 00:00:00",12308,7300
"2024-08-04 00:00:00",12214,7530
"2024-08-05 00:00:00",11299,5937
"2024-08-06 00:00:00",11478,5976
"2024-08-07 00:00:00",11333,5910
"2024-08-08 00:00:00",11445,6035
"2024-08-09 00:00:00",11911,6495
"2024-08-10 00:00:00",13210,7940
"2024-08-11 00:00:00",13623,8509
"2024-08-12 00:00:00",13070,7312
"2024-08-13 00:00:00",14430,7919
"2024-08-14 00:00:00",15103,8390
"2024-08-15 00:00:00",15990,8985
"2024-08-16 00:00:00",16690,9524
"2024-08-17 00:00:00",18825,11583
"2024-08-18 00:00:00",19933,12616
"2024-08-19 00:00:00",18256,10103
"2024-08-20 00:00:00",15791,9140
"2024-08-21 00:00:00",16318,9603
"2024-08-22 00:00:00",17347,10210
"2024-08-23 00:00:00",18571,11595
"2024-08-24 00:00:00",21418,13645
"2024-08-25 00:00:00",22479,15003
"2024-08-26 00:00:00",20279,11635
"2024-08-27 00:00:00",19632,10951
"2024-08-28 00:00:00",18066,10183
"2024-08-29 00:00:00",17645,9937
"2024-08-30 00:00:00",17923,10314
"2024-08-31 00:00:00",19529,12349
"2024-09-01 00:00:00",18851,12368
"2024-09-02 00:00:00",17216,9789
"2024-09-03 00:00:00",16641,8919
"2024-09-04 00:00:00",16069,8595
"2024-09-05 00:00:00",16086,8445
"2024-09-06 00:00:00",16315,8809
"2024-09-07 00:00:00",17839,11010
"2024-09-08 00:00:00",17887,11290
"2024-09-09 00:00:00",15341,8040
"2024-09-10 00:00:00",14475,7473
"2024-09-11 00:00:00",14365,7365
"2024-09-12 00:00:00",13885,7184
"2024-09-13 00:00:00",14072,7506
"2024-09-14 00:00:00",15764,9188
"2024-09-15 00:00:00",16313,10182
"2024-09-16 00:00:00",14375,8958
"2024-09-17 00:00:00",13700,7937
"2024-09-18 00:00:00",13589,6994
"2024-09-19 00:00:00",13521,6758
"2024-09-20 00:00:00",14190,7305
"2024-09-21 00:00:00",15849,9346
"2024-09-22 00:00:00",16033,9713
"2024-09-23 00:00:00",13792,7235
"2024-09-24 00:00:00",13286,6467
"2024-09-25 00:00:00",14322,6956
"2024-09-26 00:00:00",14811,7384
"2024-09-27 00:00:00",16289,8323
"2024-09-28 00:00:00",19004,11268
"2024-09-29 00:00:00",19356,11421
"2024-09-30 00:00:00",17047,9240
"2024-10-01 00:00:00",17708,10089
"2024-10-02 00:00:00",18314,10149
"2024-10-03 00:00:00",18117,10361
"2024-10-04 00:00:00",18812,10474
"2024-10-05 00:00:00",21308,12833
"2024-10-06 00:00:00",21301,13198
"2024-10-07 00:00:00",19336,10281
"2024-10-08 00:00:00",19690,9483
"2024-10-09 00:00:00",18832,9229
"2024-10-10 00:00:00",17817,8769
"2024-10-11 00:00:00",18261,8922
"2024-10-12 00:00:00",19788,10884
"2024-10-13 00:00:00",19375,11714
"2024-10-14 00:00:00",17092,8991
"2024-10-15 00:00:00",16501,7809
"2024-10-16 00:00:00",15864,7502
"2024-10-17 00:00:00",15476,7276
"2024-10-18 00:00:00",15888,7903
"2024-10-19 00:00:00",17646,10288
"2024-10-20 00:00:00",16932,10128
"2024-10-21 00:00:00",15153,7180
"2024-10-22 00:00:00",15051,7101
"2024-10-23 00:00:00",14128,6856
"2024-10-24 00:00:00",14610,6856
"2024-10-25 00:00:00",14951,7329
"2024-10-26 00:00:00",15783,9236
"2024-10-27 00:00:00",15370,9331
"2024-10-28 00:00:00",13735,6648
"2024-10-29 00:00:00",14190,6588
"2024-10-30 00:00:00",14402,6853
"2024-10-31 00:00:00",14528,6901
"2024-11-01 00:00:00",12088,5823
"2024-11-02 00:00:00",15962,9194
"2024-11-03 00:00:00",17569,10274
"2024-11-04 00:00:00",18586,9457
"2024-11-05 00:00:00",18864,9140
"2024-11-06 00:00:00",17907,8752
"2024-11-07 00:00:00",17277,8517
"2024-11-08 00:00:00",5715,10655
"2024-11-08 01:00:00",6513,10723
"2024-11-08 02:00:00",7618,10834
"2024-11-08 03:00:00",7876,10988
"2024-11-08 04:00:00",8531,11181
"2024-11-08 05:00:00",8576,11393
"2024-11-08 06:00:00",8302,11646
"2024-11-08 07:00:00",8613,11943
"2024-11-08 08:00:00",9072,12248
"2024-11-08 09:00:00",9204,12535
"2024-11-08 10:00:00",10475,12799
"2024-11-08 11:00:00",13217,12987
"2024-11-08 12:00:00",16710,13179
"2024-11-08 13:00:00",19375,13355
"2024-11-08 14:00:00",20196,13529
"2024-11-08 15:00:00",19942,13688
"2024-11-08 16:00:00",16802,13839
"2024-11-08 17:00:00",12851,13981
"2024-11-08 18:00:00",9996,14101
"2024-11-08 19:00:00",8281,14206
"2024-11-08 20:00:00",7266,14283
"2024-11-08 21:00:00",6922,14352
"2024-11-08 22:00:00",6842,14407
"2024-11-08 23:00:00",6814,14454
"2024-11-09 00:00:00",7504,14506
"2024-11-09 01:00:00",9305,14564
"2024-11-09 02:00:00",11457,14625
"2024-11-09 03:00:00",12611,14701
"2024-11-09 04:00:00",13746,14789
"2024-11-09 05:00:00",14823,14895
"2024-11-09 06:00:00",15605,15016
"2024-11-09 07:00:00",16103,15147
"2024-11-09 08:00:00",16161,15277
"2024-11-09 09:00:00",15719,15403
"2024-11-09 10:00:00",15061,15520
"2024-11-09 11:00:00",17796,15602
"2024-11-09 12:00:00",20824,15684
"2024-11-09 13:00:00",23435,15782
"2024-11-09 14:00:00",23884,15847
"2024-11-09 15:00:00",23566,15894
"2024-11-09 16:00:00",20333,15865
"2024-11-09 17:00:00",15926,15744
"2024-11-09 18:00:00",12783,15626
"2024-11-09 19:00:00",10401,15543
"2024-11-09 20:00:00",9230,15509
"2024-11-09 21:00:00",8529,15500
"2024-11-09 22:00:00",8275,15505
"2024-11-09 23:00:00",8182,15504
"2024-11-10 00:00:00",8966,15488
"2024-11-10 01:00:00",10817,15453
"2024-11-10 02:00:00",13294,15373
"2024-11-10 03:00:00",14741,15231
"2024-11-10 04:00:00",16258,15045
"2024-11-10 05:00:00",17646,14830
"2024-11-10 06:00:00",18674,14565
"2024-11-10 07:00:00",19127,14230
"2024-11-10 08:00:00",19116,13882
"2024-11-10 09:00:00",18536,13559
"2024-11-10 10:00:00",16975,13275
"2024-11-10 11:00:00",19751,13113
"2024-11-10 12:00:00",23156,12978
"2024-11-10 13:00:00",24963,12875
"2024-11-10 14:00:00",24947,12808
"2024-11-10 15:00:00",22700,12740
"2024-11-10 16:00:00",17141,12681
"2024-11-10 17:00:00",12811,12617
"2024-11-10 18:00:00",10566,12556
"2024-11-10 19:00:00",9460,12497
"2024-11-10 20:00:00",8929,12441
"2024-11-10 21:00:00",8590,12397
"2024-11-10 22:00:00",8211,12355
"2024-11-10 23:00:00",7683,12318
"2024-11-11 00:00:00",7998,12289
"2024-11-11 01:00:00",8626,12263
"2024-11-11 02:00:00",9492,12234
"2024-11-11 03:00:00",9761,12209
"2024-11-11 04:00:00",10465,12191
"2024-11-11 05:00:00",10512,12170
"2024-11-11 06:00:00",9689,12138
"2024-11-11 07:00:00",9770,12099
"2024-11-11 08:00:00",10405,12058
"2024-11-11 09:00:00",10891,12031
"2024-11-11 10:00:00",12456,12006
"2024-11-11 11:00:00",15903,11980
"2024-11-11 12:00:00",20207,11968
"2024-11-11 13:00:00",22983,11950
"2024-11-11 14:00:00",23098,11935
"2024-11-11 15:00:00",21338,11923
"2024-11-11 16:00:00",15639,11899
"2024-11-11 17:00:00",11304,11870
"2024-11-11 18:00:00",8970,11832
"2024-11-11 19:00:00",7878,11798
"2024-11-11 20:00:00",7622,11771
"2024-11-11 21:00:00",7354,11740
"2024-11-11 22:00:00",7149,11709
"2024-11-11 23:00:00",6898,11678
"2024-11-12 00:00:00",7400,11648
"2024-11-12 01:00:00",8169,11620
"2024-11-12 02:00:00",9280,11599
"2024-11-12 03:00:00",9826,11584
"2024-11-12 04:00:00",10638,11562
"2024-11-12 05:00:00",10648,11547
"2024-11-12 06:00:00",9719,11532
"2024-11-12 07:00:00",9672,11527
"2024-11-12 08:00:00",10579,11533
"2024-11-12 09:00:00",10757,11526
"2024-11-12 10:00:00",12207,11519
"2024-11-12 11:00:00",15928,11511
"2024-11-12 12:00:00",19963,11497
"2024-11-12 13:00:00",22794,11492
"2024-11-12 14:00:00",22929,11495
"2024-11-12 15:00:00",20867,11499
"2024-11-12 16:00:00",15040,11519
"2024-11-12 17:00:00",10495,11542
"2024-11-12 18:00:00",8234,11556
"2024-11-12 19:00:00",7326,11562
"2024-11-12 20:00:00",6930,11559
"2024-11-12 21:00:00",6650,11547
"2024-11-12 22:00:00",6382,11536
"2024-11-12 23:00:00",6151,11525
"2024-11-13 00:00:00",6692,11515
"2024-11-13 01:00:00",7618,11506
"2024-11-13 02:00:00",8828,11504
"2024-11-13 03:00:00",9167,11505
"2024-11-13 04:00:00",10199,11499
"2024-11-13 05:00:00",10192,11491
"2024-11-13 06:00:00",9596,11484
"2024-11-13 07:00:00",9790,11481
"2024-11-13 08:00:00",10378,11476
"2024-11-13 09:00:00",10600,11473
"2024-11-13 10:00:00",11940,11466
"2024-11-13 11:00:00",15573,11468
"2024-11-13 12:00:00",19832,11470
"2024-11-13 13:00:00",22893,11463
"2024-11-13 14:00:00",23111,11451
"2024-11-13 15:00:00",21518,11439
"2024-11-13 16:00:00",15848,11417
"2024-11-13 17:00:00",11005,11404
"2024-11-13 18:00:00",8502,11403
"2024-11-13 19:00:00",7378,11400
"2024-11-13 20:00:00",6721,11392
"2024-11-13 21:00:00",6471,11385
"2024-11-13 22:00:00",6209,11383
"2024-11-13 23:00:00",6008,11382
"2024-11-14 00:00:00",6536,11382
"2024-11-14 01:00:00",7655,11387
"2024-11-14 02:00:00",8965,11391
"2024-11-14 03:00:00",9099,11393
"2024-11-14 04:00:00",10057,11405
"2024-11-14 05:00:00",10020,11418
"2024-11-14 06:00:00",9475,11430
"2024-11-14 07:00:00",9692,11451
"2024-11-14 08:00:00",10327,11469
"2024-11-14 09:00:00",10450,11487
"2024-11-14 10:00:00",12078,11505
"2024-11-14 11:00:00",15676,11511
"2024-11-14 12:00:00",19597,11505
"2024-11-14 13:00:00",22517,11496
"2024-11-14 14:00:00",22582,11497
"2024-11-14 15:00:00",20701,11519
"2024-11-14 16:00:00",15335,11596
"2024-11-14 17:00:00",10907,11738
"2024-11-14 18:00:00",8383,11866
"2024-11-14 19:00:00",7176,11965
"2024-11-14 20:00:00",6569,12029
"2024-11-14 21:00:00",6438,12076
"2024-11-14 22:00:00",6204,12106
"2024-11-14 23:00:00",6052,12139
"2024-11-15 00:00:00",6673,12177
"2024-11-15 01:00:00",7720,12222
"2024-11-15 02:00:00",9054,12292
"2024-11-15 03:00:00",9487,12391
"2024-11-15 04:00:00",10470,12512
"2024-11-15 05:00:00",10437,12643
"2024-11-15 06:00:00",10114,12824
"2024-11-15 07:00:00",10274,13047
"2024-11-15 08:00:00",10902,13281
"2024-11-15 09:00:00",10951,13494
"2024-11-15 10:00:00",12252,13696
"2024-11-15 11:00:00",15566,13817
"2024-11-15 12:00:00",19419,13923
"2024-11-15 13:00:00",22703,14021
"2024-11-15 14:00:00",23498,14106
"2024-11-15 15:00:00",23216,14209
"2024-11-15 16:00:00",19753,14328
"2024-11-15 17:00:00",14927,14441
"2024-11-15 18:00:00",11536,14549
"2024-11-15 19:00:00",9246,14628
"2024-11-15 20:00:00",8064,14691
"2024-11-15 21:00:00",7408,14736
"2024-11-15 22:00:00",7285,14787
"2024-11-15 23:00:00",7217,14828
"2024-11-16 00:00:00",8119,14872
"2024-11-16 01:00:00",9927,14925
"2024-11-16 02:00:00",12116,15001
"2024-11-16 03:00:00",13228,15091
"2024-11-16 04:00:00",14536,15196
"2024-11-16 05:00:00",16019,15325
"2024-11-16 06:00:00",17081,15467
"2024-11-16 07:00:00",17584,15620
"2024-11-16 08:00:00",17620,15772
"2024-11-16 09:00:00",17443,15920
"2024-11-16 10:00:00",16266,16026
"2024-11-16 11:00:00",19152,16112
"2024-11-16 12:00:00",22645,16194
"2024-11-16 13:00:00",25262,16272
"2024-11-16 14:00:00",26125,16320
"2024-11-16 15:00:00",25678,16344
"2024-11-16 16:00:00",22153,16320
"2024-11-16 17:00:00",17469,16241
"2024-11-16 18:00:00",13526,16150
"2024-11-16 19:00:00",10901,16096
"2024-11-16 20:00:00",9326,16073
"2024-11-16 21:00:00",8845,16080
"2024-11-16 22:00:00",8343,16090
"2024-11-16 23:00:00",8275,16100
"2024-11-17 00:00:00",9221,16095
"2024-11-17 01:00:00",11426,16068
"2024-11-17 02:00:00",13838,15999
"2024-11-17 03:00:00",15297,15898
"2024-11-17 04:00:00",16850,15764
"2024-11-17 05:00:00",18207,15614
"2024-11-17 06:00:00",19518,15428
"2024-11-17 07:00:00",20169,15183
"2024-11-17 08:00:00",20113,14922
"2024-11-17 09:00:00",19535,14677
"2024-11-17 10:00:00",17839,14454
"2024-11-17 11:00:00",20705,14324
"2024-11-17 12:00:00",24320,14220
"2024-11-17 13:00:00",25907,14118
"2024-11-17 14:00:00",26026,14053
"2024-11-17 15:00:00",23999,13967
"2024-11-17 16:00:00",18521,13867
"2024-11-17 17:00:00",13616,13753
"2024-11-17 18:00:00",11064,13661
"2024-11-17 19:00:00",9621,13584
"2024-11-17 20:00:00",9022,13527
"2024-11-17 21:00:00",8749,13478
"2024-11-17 22:00:00",8261,13429
"2024-11-17 23:00:00",7683,13376
"2024-11-18 00:00:00",7648,13317
"2024-11-18 01:00:00",8337,13259
"2024-11-18 02:00:00",9475,13191
"2024-11-18 03:00:00",9659,13100
"2024-11-18 04:00:00",10656,13007
"2024-11-18 05:00:00",10668,12894
"2024-11-18 06:00:00",9789,12750
"2024-11-18 07:00:00",9902,12609
"2024-11-18 08:00:00",10518,12470
"2024-11-18 09:00:00",10904,12344
"2024-11-18 10:00:00",12402,12260
"2024-11-18 11:00:00",16126,12195
"2024-11-18 12:00:00",20251,12140
"2024-11-18 13:00:00",23497,12109
"2024-11-18 14:00:00",23586,12068
"2024-11-18 15:00:00",21963,12036
"2024-11-18 16:00:00",16126,11997
"2024-11-18 17:00:00",11318,11960
"2024-11-18 18:00:00",8765,11919
"2024-11-18 19:00:00",7545,11882
"2024-11-18 20:00:00",7118,11846
"2024-11-18 21:00:00",6825,11808
"2024-11-18 22:00:00",6436,11770
"2024-11-18 23:00:00",6156,11740
"2024-11-19 00:00:00",6874,11724
"2024-11-19 01:00:00",7880,11710
"2024-11-19 02:00:00",8847,11696
"2024-11-19 03:00:00",9232,11689
"2024-11-19 04:00:00",10256,11678
"2024-11-19 05:00:00",10292,11660
"2024-11-19 06:00:00",9811,11647
"2024-11-19 07:00:00",9729,11631
"2024-11-19 08:00:00",10333,11625
"2024-11-19 09:00:00",10601,11611
"2024-11-19 10:00:00",12366,11605
"2024-11-19 11:00:00",16232,11595
"2024-11-19 12:00:00",20319,11579
"2024-11-19 13:00:00",23251,11559
"2024-11-19 14:00:00",23478,11543
"2024-11-19 15:00:00",21782,11527
"2024-11-19 16:00:00",15987,11513
"2024-11-19 17:00:00",11009,11497
"2024-11-19 18:00:00",8528,11487
"2024-11-19 19:00:00",7240,11483
"2024-11-19 20:00:00",6746,11476
"2024-11-19 21:00:00",6411,11466
"2024-11-19 22:00:00",6172,11459
"2024-11-19 23:00:00",5994,11452
"2024-11-20 00:00:00",6584,11439
"2024-11-20 01:00:00",7711,11426
"2024-11-20 02:00:00",8790,11412
"2024-11-20 03:00:00",9062,11398
"2024-11-20 04:00:00",9780,11381
"2024-11-20 05:00:00",9768,11373
"2024-11-20 06:00:00",9300,11365
"2024-11-20 07:00:00",9565,11359
"2024-11-20 08:00:00",10000,11340
"2024-11-20 09:00:00",10350,11330
"2024-11-20 10:00:00",11924,11314
"2024-11-20 11:00:00",15562,11289
"2024-11-20 12:00:00",19675,11255
"2024-11-20 13:00:00",22684,11221
"2024-11-20 14:00:00",22937,11189
"2024-11-20 15:00:00",21313,11156
"2024-11-20 16:00:00",15530,11129
"2024-11-20 17:00:00",10743,11116
"2024-11-20 18:00:00",8547,11116
"2024-11-20 19:00:00",7194,11109
"2024-11-20 20:00:00",6584,11103
"2024-11-20 21:00:00",6299,11096
"2024-11-20 22:00:00",5990,11089
"2024-11-20 23:00:00",5623,11078
"2024-11-21 00:00:00",6186,11070
"2024-11-21 01:00:00",7152,11062
"2024-11-21 02:00:00",8331,11056
"2024-11-21 03:00:00",8694,11049
"2024-11-21 04:00:00",9759,11046
"2024-11-21 05:00:00",9780,11043
"2024-11-21 06:00:00",9186,11039
"2024-11-21 07:00:00",8988,11031
"2024-11-21 08:00:00",9759,11036
"2024-11-21 09:00:00",9977,11029
"2024-11-21 10:00:00",11336,11017
"2024-11-21 11:00:00",14618,10996
"2024-11-21 12:00:00",18680,10973
"2024-11-21 13:00:00",21742,10946
"2024-11-21 14:00:00",21860,10915
"2024-11-21 15:00:00",20502,10899
"2024-11-21 16:00:00",15185,10915
"2024-11-21 17:00:00",10704,10973
"2024-11-21 18:00:00",8254,11026
"2024-11-21 19:00:00",7029,11063
"2024-11-21 20:00:00",6381,11081
"2024-11-21 21:00:00",6091,11088
"2024-11-21 22:00:00",5779,11094
"2024-11-21 23:00:00",5572,11105
"2024-11-22 00:00:00",6249,11126
"2024-11-22 01:00:00",7218,11154
"2024-11-22 02:00:00",8322,11193
"2024-11-22 03:00:00",8575,11255
"2024-11-22 04:00:00",9602,11331
"2024-11-22 05:00:00",9680,11412
"2024-11-22 06:00:00",9273,11516
"2024-11-22 07:00:00",9338,11652
"2024-11-22 08:00:00",9765,11790
"2024-11-22 09:00:00",9907,11917
"2024-11-22 10:00:00",11180,12025
"2024-11-22 11:00:00",14384,12087
"2024-11-22 12:00:00",18278,12132
"2024-11-22 13:00:00",21249,12163
"2024-11-22 14:00:00",21852,12193
"2024-11-22 15:00:00",21456,12240
"2024-11-22 16:00:00",17791,12316
"2024-11-22 17:00:00",13271,12399
"2024-11-22 18:00:00",10050,12469
"2024-11-22 19:00:00",8011,12521
"2024-11-22 20:00:00",6908,12557
"2024-11-22 21:00:00",6531,12590
"2024-11-22 22:00:00",6369,12621
"2024-11-22 23:00:00",6477,12656
"2024-11-23 00:00:00",7456,12690
"2024-11-23 01:00:00",9045,12736
"2024-11-23 02:00:00",11219,12808
"2024-11-23 03:00:00",12207,12896
"2024-11-23 04:00:00",13431,12991
"2024-11-23 05:00:00",14417,13108
"2024-11-23 06:00:00",15222,13260
"2024-11-23 07:00:00",15740,13428
"2024-11-23 08:00:00",15777,13585
"2024-11-23 09:00:00",15147,13724
"2024-11-23 10:00:00",14408,13822
"2024-11-23 11:00:00",16974,13898
"2024-11-23 12:00:00",20321,13959
"2024-11-23 13:00:00",22836,13998
"2024-11-23 14:00:00",23290,14016
"2024-11-23 15:00:00",22719,14023
"2024-11-23 16:00:00",19381,14009
"2024-11-23 17:00:00",15013,13963
"2024-11-23 18:00:00",11714,13924
"2024-11-23 19:00:00",9385,13902
"2024-11-23 20:00:00",8236,13902
"2024-11-23 21:00:00",7596,13911
"2024-11-23 22:00:00",7278,13918
"2024-11-23 23:00:00",7088,13917
"2024-11-24 00:00:00",8010,13910
"2024-11-24 01:00:00",9777,13892
"2024-11-24 02:00:00",11959,13851
"2024-11-24 03:00:00",13076,13787
"2024-11-24 04:00:00",14428,13712
"2024-11-24 05:00:00",15859,13636
"2024-11-24 06:00:00",16932,13539
"2024-11-24 07:00:00",17297,13408
"2024-11-24 08:00:00",17247,13268
"2024-11-24 09:00:00",16653,13143
"2024-11-24 10:00:00",15541,13027
"2024-11-24 11:00:00",17870,12954
"2024-11-24 12:00:00",20667,12887
"2024-11-24 13:00:00",22281,12814
"2024-11-24 14:00:00",22353,12749
"2024-11-24 15:00:00",20336,12650
"2024-11-24 16:00:00",15240,12516
"2024-11-24 17:00:00",11279,12394
"2024-11-24 18:00:00",9068,12299
"2024-11-24 19:00:00",7947,12236
"2024-11-24 20:00:00",7505,12190
"2024-11-24 21:00:00",6916,12145
"2024-11-24 22:00:00",6551,12106
"2024-11-24 23:00:00",6085,12063
"2024-11-25 00:00:00",6226,12007
"2024-11-25 01:00:00",6798,11930
"2024-11-25 02:00:00",7650,11824
"2024-11-25 03:00:00",7937,11701
"2024-11-25 04:00:00",8749,11565
"2024-11-25 05:00:00",8721,11395
"2024-11-25 06:00:00",8108,11184
"2024-11-25 07:00:00",8088,10966
"2024-11-25 08:00:00",8719,10768
"2024-11-25 09:00:00",8920,10584
"2024-11-25 10:00:00",10367,10459
"2024-11-25 11:00:00",13670,10356
"2024-11-25 12:00:00",17191,10271
"2024-11-25 13:00:00",19647,10204
"2024-11-25 14:00:00",19710,10134
"2024-11-25 15:00:00",17985,10070
"2024-11-25 16:00:00",13025,10011
"2024-11-25 17:00:00",9139,9957
"2024-11-25 18:00:00",7202,9911
"2024-11-25 19:00:00",6046,9863
"2024-11-25 20:00:00",5649,9818
"2024-11-25 21:00:00",5406,9781
"2024-11-25 22:00:00",5185,9747
"2024-11-25 23:00:00",5023,9718
"2024-11-26 00:00:00",5544,9699
"2024-11-26 01:00:00",6258,9682
"2024-11-26 02:00:00",7320,9673
"2024-11-26 03:00:00",7600,9662
"2024-11-26 04:00:00",8498,9654
"2024-11-26 05:00:00",8469,9647
"2024-11-26 06:00:00",8035,9645
"2024-11-26 07:00:00",8286,9649
"2024-11-26 08:00:00",8675,9644
"2024-11-26 09:00:00",8746,9637
"2024-11-26 10:00:00",10195,9631
"2024-11-26 11:00:00",13530,9624
"2024-11-26 12:00:00",16930,9608
"2024-11-26 13:00:00",19232,9587
"2024-11-26 14:00:00",19277,9568
"2024-11-26 15:00:00",17610,9551
"2024-11-26 16:00:00",12899,9544
"2024-11-26 17:00:00",9074,9536
"2024-11-26 18:00:00",7131,9530
"2024-11-26 19:00:00",6042,9526
"2024-11-26 20:00:00",5620,9522
"2024-11-26 21:00:00",5352,9517
"2024-11-26 22:00:00",5038,9511
"2024-11-26 23:00:00",4909,9506
"2024-11-27 00:00:00",5306,9497
"2024-11-27 01:00:00",6169,9492
"2024-11-27 02:00:00",7154,9483
"2024-11-27 03:00:00",7500,9477
"2024-11-27 04:00:00",8448,9474
"2024-11-27 05:00:00",8447,9471
"2024-11-27 06:00:00",7961,9468
"2024-11-27 07:00:00",8066,9464
"2024-11-27 08:00:00",8497,9458
"2024-11-27 09:00:00",8631,9455
"2024-11-27 10:00:00",9955,9446
"2024-11-27 11:00:00",12938,9428
"2024-11-27 12:00:00",16250,9405
"2024-11-27 13:00:00",18741,9384
"2024-11-27 14:00:00",18811,9367
"2024-11-27 15:00:00",17351,9357
"2024-11-27 16:00:00",12496,9348
"2024-11-27 17:00:00",8749,9344
"2024-11-27 18:00:00",6871,9340
"2024-11-27 19:00:00",5816,9338
"2024-11-27 20:00:00",5396,9337
"2024-11-27 21:00:00",5194,9335
"2024-11-27 22:00:00",4873,9331
"2024-11-27 23:00:00",4691,9325
"2024-11-28 00:00:00",5120,9319
"2024-11-28 01:00:00",5864,9309
"2024-11-28 02:00:00",6878,9300
"2024-11-28 03:00:00",7371,9299
"2024-11-28 04:00:00",8318,9296
"2024-11-28 05:00:00",8331,9295
"2024-11-28 06:00:00",8026,9298
"2024-11-28 07:00:00",8010,9300
"2024-11-28 08:00:00",8443,9303
"2024-11-28 09:00:00",8467,9303
"2024-11-28 10:00:00",9806,9303
"2024-11-28 11:00:00",12583,9297
"2024-11-28 12:00:00",15670,9286
"2024-11-28 13:00:00",18442,9285
"2024-11-28 14:00:00",18603,9287
"2024-11-28 15:00:00",17433,9302
"2024-11-28 16:00:00",12800,9333
"2024-11-28 17:00:00",9012,9381
"2024-11-28 18:00:00",7095,9425
"2024-11-28 19:00:00",6161,9460
"2024-11-28 20:00:00",5550,9478
"2024-11-28 21:00:00",5229,9489
"2024-11-28 22:00:00",4922,9500
"2024-11-28 23:00:00",4602,9508
"2024-11-29 00:00:00",4968,9518
"2024-11-29 01:00:00",5797,9534
"2024-11-29 02:00:00",7027,9566
"2024-11-29 03:00:00",7460,9604
"2024-11-29 04:00:00",8443,9649
"2024-11-29 05:00:00",8460,9694
"2024-11-29 06:00:00",8268,9756
"2024-11-29 07:00:00",8321,9832
"2024-11-29 08:00:00",8795,9912
"2024-11-29 09:00:00",8820,9985
"2024-11-29 10:00:00",10110,10054
"2024-11-29 11:00:00",12954,10100
"2024-11-29 12:00:00",16272,10145
"2024-11-29 13:00:00",19084,10186
"2024-11-29 14:00:00",19534,10229
"2024-11-29 15:00:00",19201,10296
"2024-11-29 16:00:00",15953,10405
"2024-11-29 17:00:00",11968,10507
"2024-11-29 18:00:00",9059,10578
"2024-11-29 19:00:00",7314,10627
"2024-11-29 20:00:00",6373,10660
"2024-11-29 21:00:00",6029,10693
"2024-11-29 22:00:00",5858,10727
"2024-11-29 23:00:00",5806,10768
"2024-11-30 00:00:00",6509,10819
"2024-11-30 01:00:00",8063,10894
"2024-11-30 02:00:00",9977,10992
"2024-11-30 03:00:00",10943,11106
"2024-11-30 04:00:00",11958,11219
"2024-11-30 05:00:00",13076,11371
"2024-11-30 06:00:00",13923,11559
"2024-11-30 07:00:00",14235,11758
"2024-11-30 08:00:00",14190,11942
"2024-11-30 09:00:00",14051,12121
"2024-11-30 10:00:00",13316,12235
"2024-11-30 11:00:00",15526,12321
"2024-11-30 12:00:00",18424,12395
"2024-11-30 13:00:00",20680,12450
"2024-11-30 14:00:00",20991,12495
"2024-11-30 15:00:00",20773,12540
"2024-11-30 16:00:00",17389,12560
"2024-11-30 17:00:00",13370,12564
"2024-11-30 18:00:00",10561,12576
"2024-11-30 19:00:00",8366,12582
"2024-11-30 20:00:00",7403,12600
"2024-11-30 21:00:00",6850,12618
"2024-11-30 22:00:00",6604,12638
"2024-11-30 23:00:00",6483,12655
"2024-12-01 00:00:00",7351,12675
"2024-12-01 01:00:00",9082,12691
"2024-12-01 02:00:00",10868,12693
"2024-12-01 02:20:00",10067,
"2024-12-01 02:30:00",10321,
"2024-12-01 02:40:00",10542,
"2024-12-01 02:50:00",10868,
"2024-12-01 03:00:00",11127,12684
"2024-12-01 03:10:00",11356,
"2024-12-01 03:20:00",11453,
"2024-12-01 03:30:00",11576,
"2024-12-01 03:40:00",11629,
"2024-12-01 03:50:00",11721,
"2024-12-01 04:00:00",11759,12681
"2024-12-01 04:10:00",11972,
"2024-12-01 04:20:00",12176,
"2024-12-01 04:30:00",12504,
"2024-12-01 04:40:00",12915,
"2024-12-01 04:50:00",13190,
"2024-12-01 05:00:00",13493,12683
"2024-12-01 05:10:00",13763,
"2024-12-01 05:20:00",14032,
"2024-12-01 05:30:00",14220,
"2024-12-01 05:40:00",14480,
"2024-12-01 05:50:00",14589,
"2024-12-01 06:00:00",14798,12680
"2024-12-01 06:10:00",15015,
"2024-12-01 06:20:00",15201,
"2024-12-01 06:30:00",15361,
"2024-12-01 06:40:00",15494,
"2024-12-01 06:50:00",15683,
"2024-12-01 07:00:00",15788,12666
"2024-12-01 07:10:00",15869,
"2024-12-01 07:20:00",15887,
"2024-12-01 07:30:00",15915,
"2024-12-01 07:40:00",16070,
"2024-12-01 07:50:00",16054,
"2024-12-01 08:00:00",16023,12650
"2024-12-01 08:10:00",16004,
"2024-12-01 08:20:00",15946,
"2024-12-01 08:30:00",15925,
"2024-12-01 08:40:00",15794,
"2024-12-01 08:50:00",15726,
"2024-12-01 09:00:00",15552,12630
"2024-12-01 09:10:00",15218,
"2024-12-01 09:20:00",14953,
"2024-12-01 09:30:00",14601,
"2024-12-01 09:40:00",14339,
"2024-12-01 09:50:00",14118,
"2024-12-01 10:00:00",13979,12594
"2024-12-01 10:10:00",13799,
"2024-12-01 10:20:00",13821,
"2024-12-01 10:30:00",13828,
"2024-12-01 10:40:00",13853,
"2024-12-01 10:50:00",14076,
"2024-12-01 11:00:00",14443,12587
"2024-12-01 11:10:00",14781,
"2024-12-01 11:20:00",15141,
"2024-12-01 11:30:00",15571,
"2024-12-01 11:40:00",15952,
"2024-12-01 11:50:00",16349,
"2024-12-01 12:00:00",16828,12583
"2024-12-01 12:10:00",17329,
"2024-12-01 12:20:00",17769,
"2024-12-01 12:30:00",18280,
"2024-12-01 12:40:00",18620,
"2024-12-01 12:50:00",19131,
"2024-12-01 13:00:00",19426,12564
"2024-12-01 13:10:00",19728,
"2024-12-01 13:20:00",20106,
"2024-12-01 13:30:00",20423,
"2024-12-01 13:40:00",20608,
"2024-12-01 13:50:00",20737,
"2024-12-01 14:00:00",20709,12540
"2024-12-01 14:10:00",20565,
"2024-12-01 14:20:00",20367,
"2024-12-01 14:30:00",20119,
"2024-12-01 14:40:00",19646,
"2024-12-01 14:50:00",19217,
"2024-12-01 15:00:00",18498,12452
"2024-12-01 15:10:00",17459,
"2024-12-01 15:20:00",16699,
"2024-12-01 15:30:00",16014,
"2024-12-01 15:40:00",15158,
"2024-12-01 15:50:00",14412,
"2024-12-01 16:00:00",13572,12317
"2024-12-01 16:10:00",12646,
"2024-12-01 16:20:00",11917,
"2024-12-01 16:30:00",11390,
"2024-12-01 16:40:00",10932,
"2024-12-01 16:50:00",10482,
"2024-12-01 17:00:00",10028,12199
"2024-12-01 17:10:00",9588,
"2024-12-01 17:20:00",9156,
"2024-12-01 17:30:00",8844,
"2024-12-01 17:40:00",8493,
"2024-12-01 17:50:00",8191,
"2024-12-01 18:00:00",7960,12105
"2024-12-01 18:10:00",7712,
"2024-12-01 18:20:00",7502,
"2024-12-01 18:30:00",7362,
"2024-12-01 18:40:00",7269,
"2024-12-01 18:50:00",7162,
"2024-12-01 19:00:00",6992,12053
"2024-12-01 19:10:00",6874,
"2024-12-01 19:20:00",6807,
"2024-12-01 19:30:00",6751,
"2024-12-01 19:40:00",6716,
"2024-12-01 19:50:00",6614,
"2024-12-01 20:00:00",6609,12019
"2024-12-01 20:10:00",6587,
"2024-12-01 20:20:00",6560,
"2024-12-01 20:30:00",6550,
"2024-12-01 20:40:00",6543,
"2024-12-01 20:50:00",6572,
"2024-12-01 21:00:00",6518,12000
"2024-12-01 21:10:00",6518,
"2024-12-01 21:20:00",6437,
"2024-12-01 21:30:00",6369,
"2024-12-01 21:40:00",6324,
"2024-12-01 21:50:00",6221,
"2024-12-01 22:00:00",6166,11976
"2024-12-01 22:10:00",6066,
"2024-12-01 22:20:00",6004,
"2024-12-01 22:30:00",5923,
"2024-12-01 22:40:00",5852,
"2024-12-01 22:50:00",5840,
"2024-12-01 23:00:00",5733,11943
"2024-12-01 23:10:00",5656,
"2024-12-01 23:20:00",5571,
"2024-12-01 23:30:00",5555,
"2024-12-01 23:40:00",5519,
"2024-12-01 23:50:00",5485,
"2024-12-02 00:00:00",5455,11884
"2024-12-02 00:10:00",5474,
"2024-12-02 00:20:00",5523,
"2024-12-02 00:30:00",5605,
"2024-12-02 00:40:00",5649,
"2024-12-02 00:50:00",5719,
"2024-12-02 01:00:00",5783,11793
"2024-12-02 01:10:00",5877,
"2024-12-02 01:20:00",5991,
"2024-12-02 01:30:00",6121,
"2024-12-02 01:40:00",6263,
"2024-12-02 01:50:00",6352,
"2024-12-02 02:00:00",6485,11673
"2024-12-02 02:10:00",6632,
"2024-12-02 02:20:00",6807,
"2024-12-02 02:30:00",6977,
"2024-12-02 02:40:00",7117,
"2024-12-02 02:50:00",7232,
"2024-12-02 03:00:00",7228,11527
"2024-12-02 03:10:00",7209,
"2024-12-02 03:20:00",7218,
"2024-12-02 03:30:00",7267,
"2024-12-02 03:40:00",7291,
"2024-12-02 03:50:00",7320,
"2024-12-02 04:00:00",7459,11363
"2024-12-02 04:10:00",7564,
"2024-12-02 04:20:00",7795,
"2024-12-02 04:30:00",7996,
"2024-12-02 04:40:00",8189,
"2024-12-02 04:50:00",8193,
"2024-12-02 05:00:00",8148,11150
"2024-12-02 05:10:00",8109,
"2024-12-02 05:20:00",8066,
"2024-12-02 05:30:00",7970,
"2024-12-02 05:40:00",7856,
"2024-12-02 05:50:00",7789,
"2024-12-02 06:00:00",7722,10885
"2024-12-02 06:10:00",7595,
"2024-12-02 06:20:00",7565,
"2024-12-02 06:30:00",7559,
"2024-12-02 06:40:00",7552,
"2024-12-02 06:50:00",7592,
"2024-12-02 07:00:00",7579,10612
"2024-12-02 07:10:00",7636,
"2024-12-02 07:20:00",7666,
"2024-12-02 07:30:00",7786,
"2024-12-02 07:40:00",7841,
"2024-12-02 07:50:00",7861,
"2024-12-02 08:00:00",7924,10357
"2024-12-02 08:10:00",8056,
"2024-12-02 08:20:00",8162,
"2024-12-02 08:30:00",8230,
"2024-12-02 08:40:00",8287,
"2024-12-02 08:50:00",8379,
"2024-12-02 09:00:00",8410,10126
"2024-12-02 09:10:00",8399,
"2024-12-02 09:20:00",8427,
"2024-12-02 09:30:00",8488,
"2024-12-02 09:40:00",8574,
"2024-12-02 09:50:00",8622,
"2024-12-02 10:00:00",8731,9990
"2024-12-02 10:10:00",8867,
"2024-12-02 10:20:00",9104,
"2024-12-02 10:30:00",9365,
"2024-12-02 10:40:00",9695,
"2024-12-02 10:50:00",9992,
"2024-12-02 11:00:00",10378,9875
"2024-12-02 11:10:00",10788,
"2024-12-02 11:20:00",11240,
"2024-12-02 11:30:00",11719,
"2024-12-02 11:40:00",12264,
"2024-12-02 11:50:00",12901,
"2024-12-02 12:00:00",13415,9781
"2024-12-02 12:10:00",13976,
"2024-12-02 12:20:00",14580,
"2024-12-02 12:30:00",15146,
"2024-12-02 12:40:00",15820,
"2024-12-02 12:50:00",16342,
"2024-12-02 13:00:00",16803,9709
"2024-12-02 13:10:00",17185,
"2024-12-02 13:20:00",17693,
"2024-12-02 13:30:00",17974,
"2024-12-02 13:40:00",18359,
"2024-12-02 13:50:00",18590,
"2024-12-02 14:00:00",18623,9640
"2024-12-02 14:10:00",18573,
"2024-12-02 14:20:00",18493,
"2024-12-02 14:30:00",18245,
"2024-12-02 14:40:00",17953,
"2024-12-02 14:50:00",17470,
"2024-12-02 15:00:00",16847,9585
"2024-12-02 15:10:00",16033,
"2024-12-02 15:20:00",15227,
"2024-12-02 15:30:00",14499,
"2024-12-02 15:40:00",13733,
"2024-12-02 15:50:00",12986,
"2024-12-02 16:00:00",12143,9540
"2024-12-02 16:10:00",11283,
"2024-12-02 16:20:00",10646,
"2024-12-02 16:30:00",9981,
"2024-12-02 16:40:00",9462,
"2024-12-02 16:50:00",9027,
"2024-12-02 17:00:00",8562,9490
"2024-12-02 17:10:00",8052,
"2024-12-02 17:20:00",7718,
"2024-12-02 17:30:00",7405,
"2024-12-02 17:40:00",7122,
"2024-12-02 17:50:00",6818,
"2024-12-02 18:00:00",6656,9444
"2024-12-02 18:10:00",6336,
"2024-12-02 18:20:00",6142,
"2024-12-02 18:30:00",5949,
"2024-12-02 18:40:00",5822,
"2024-12-02 18:50:00",5661,
"2024-12-02 19:00:00",5558,9394
"2024-12-02 19:10:00",5426,
"2024-12-02 19:20:00",5306,
"2024-12-02 19:30:00",5280,
"2024-12-02 19:40:00",5213,
"2024-12-02 19:50:00",5199,
"2024-12-02 20:00:00",5178,9345
"2024-12-02 20:10:00",5119,
"2024-12-02 20:20:00",5076,
"2024-12-02 20:30:00",4989,
"2024-12-02 20:40:00",4967,
"2024-12-02 20:50:00",4921,
"2024-12-02 21:00:00",4845,9287
"2024-12-02 21:10:00",4809,
"2024-12-02 21:20:00",4811,
"2024-12-02 21:30:00",4777,
"2024-12-02 21:40:00",4807,
"2024-12-02 21:50:00",4799,
"2024-12-02 22:00:00",4773,9239
"2024-12-02 22:10:00",4683,
"2024-12-02 22:20:00",4651,
"2024-12-02 22:30:00",4618,
"2024-12-02 22:40:00",4593,
"2024-12-02 22:50:00",4583,
"2024-12-02 23:00:00",4539,9198
"2024-12-02 23:10:00",4563,
"2024-12-02 23:20:00",4579,
"2024-12-02 23:30:00",4597,
"2024-12-02 23:40:00",4597,
"2024-12-02 23:50:00",4596,
"2024-12-03 00:00:00",4643,9176
"2024-12-03 00:10:00",4704,
"2024-12-03 00:20:00",4755,
"2024-12-03 00:30:00",4859,
"2024-12-03 00:40:00",4951,
"2024-12-03 00:50:00",5070,
"2024-12-03 01:00:00",5175,9164
"2024-12-03 01:10:00",5334,
"2024-12-03 01:20:00",5468,
"2024-12-03 01:30:00",5567,
"2024-12-03 01:40:00",5793,
"2024-12-03 01:50:00",5974,
"2024-12-03 02:00:00",6133,9149
"2024-12-03 02:10:00",6275,
"2024-12-03 02:20:00",6463,
"2024-12-03 02:30:00",6627,
"2024-12-03 02:40:00",6679,
"2024-12-03 02:50:00",6801,
"2024-12-03 03:00:00",6863,9146
"2024-12-03 03:10:00",6962,
"2024-12-03 03:20:00",7005,
"2024-12-03 03:30:00",7045,
"2024-12-03 03:40:00",7082,
"2024-12-03 03:50:00",7254,
"2024-12-03 04:00:00",7349,9139
"2024-12-03 04:10:00",7482,
"2024-12-03 04:20:00",7676,
"2024-12-03 04:30:00",7851,
"2024-12-03 04:40:00",7948,
"2024-12-03 04:50:00",8004,
"2024-12-03 05:00:00",8028,9135
"2024-12-03 05:10:00",7956,
"2024-12-03 05:20:00",7893,
"2024-12-03 05:30:00",7770,
"2024-12-03 05:40:00",7650,
"2024-12-03 05:50:00",7623,
"2024-12-03 06:00:00",7621,9131
"2024-12-03 06:10:00",7580,
"2024-12-03 06:20:00",7537,
"2024-12-03 06:30:00",7518,
"2024-12-03 06:40:00",7481,
"2024-12-03 06:50:00",7478,
"2024-12-03 07:00:00",7475,9131
"2024-12-03 07:10:00",7520,
"2024-12-03 07:20:00",7610,
"2024-12-03 07:30:00",7689,
"2024-12-03 07:40:00",7730,
"2024-12-03 07:50:00",7847,
"2024-12-03 08:00:00",7962,9134
"2024-12-03 08:10:00",8020,
"2024-12-03 08:20:00",8139,
"2024-12-03 08:30:00",8290,
"2024-12-03 08:40:00",8387,
"2024-12-03 08:50:00",8458,
"2024-12-03 09:00:00",8465,9132
"2024-12-03 09:10:00",8462,
"2024-12-03 09:20:00",8503,
"2024-12-03 09:30:00",8517,
"2024-12-03 09:40:00",8526,
"2024-12-03 09:50:00",8598,
"2024-12-03 10:00:00",8713,9131
"2024-12-03 10:10:00",8823,
"2024-12-03 10:20:00",9012,
"2024-12-03 10:30:00",9359,
"2024-12-03 10:40:00",9664,
"2024-12-03 10:50:00",9997,
"2024-12-03 11:00:00",10431,9129
"2024-12-03 11:10:00",10920,
"2024-12-03 11:20:00",11368,
"2024-12-03 11:30:00",11888,
"2024-12-03 11:40:00",12428,
"2024-12-03 11:50:00",12914,
"2024-12-03 12:00:00",13485,9124
"2024-12-03 12:10:00",14011,
"2024-12-03 12:20:00",14577,
"2024-12-03 12:30:00",15184,
"2024-12-03 12:40:00",15698,
"2024-12-03 12:50:00",16230,
"2024-12-03 13:00:00",16709,9128
"2024-12-03 13:10:00",17269,
"2024-12-03 13:20:00",17748,
"2024-12-03 13:30:00",18143,
"2024-12-03 13:40:00",18458,
"2024-12-03 13:50:00",18720,
"2024-12-03 14:00:00",18769,9131
"2024-12-03 14:10:00",18753,
"2024-12-03 14:20:00",18681,
"2024-12-03 14:30:00",18485,
"2024-12-03 14:40:00",18210,
"2024-12-03 14:50:00",17770,
"2024-12-03 15:00:00",17197,9143
"2024-12-03 15:10:00",16312,
"2024-12-03 15:20:00",15493,
"2024-12-03 15:30:00",14729,
"2024-12-03 15:40:00",13741,
"2024-12-03 15:50:00",12996,
"2024-12-03 16:00:00",12061,9138
"2024-12-03 16:10:00",11224,
"2024-12-03 16:20:00",10513,
"2024-12-03 16:30:00",9873,
"2024-12-03 16:40:00",9349,
"2024-12-03 16:50:00",8808,
"2024-12-03 17:00:00",8344,9131
"2024-12-03 17:10:00",7893,
"2024-12-03 17:20:00",7543,
"2024-12-03 17:30:00",7245,
"2024-12-03 17:40:00",7001,
"2024-12-03 17:50:00",6704,
"2024-12-03 18:00:00",6424,9125
"2024-12-03 18:10:00",6274,
"2024-12-03 18:20:00",6077,
"2024-12-03 18:30:00",5896,
"2024-12-03 18:40:00",5710,
"2024-12-03 18:50:00",5606,
"2024-12-03 19:00:00",5564,9126
"2024-12-03 19:10:00",5463,
"2024-12-03 19:20:00",5416,
"2024-12-03 19:30:00",5274,
"2024-12-03 19:40:00",5209,
"2024-12-03 19:50:00",5145,
"2024-12-03 20:00:00",5044,9122
"2024-12-03 20:10:00",4996,
"2024-12-03 20:20:00",4947,
"2024-12-03 20:30:00",4870,
"2024-12-03 20:40:00",4865,
"2024-12-03 20:50:00",4834,
"2024-12-03 21:00:00",4740,9118
"2024-12-03 21:10:00",4732,
"2024-12-03 21:20:00",4694,
"2024-12-03 21:30:00",4683,
"2024-12-03 21:40:00",4672,
"2024-12-03 21:50:00",4678,
"2024-12-03 22:00:00",4614,9113
"2024-12-03 22:10:00",4569,
"2024-12-03 22:20:00",4531,
"2024-12-03 22:30:00",4512,
"2024-12-03 22:40:00",4501,
"2024-12-03 22:50:00",4478,
"2024-12-03 23:00:00",4432,9111
"2024-12-03 23:10:00",4417,
"2024-12-03 23:20:00",4467,
"2024-12-03 23:30:00",4471,
"2024-12-03 23:40:00",4499,
"2024-12-03 23:50:00",4547,
"2024-12-04 00:00:00",4591,9114
"2024-12-04 00:10:00",4659,
"2024-12-04 00:20:00",4768,
"2024-12-04 00:30:00",4848,
"2024-12-04 00:40:00",5038,
"2024-12-04 00:50:00",5171,
"2024-12-04 01:00:00",5313,9114
"2024-12-04 01:10:00",5446,
"2024-12-04 01:20:00",5557,
"2024-12-04 01:30:00",5693,
"2024-12-04 01:40:00",5818,
"2024-12-04 01:50:00",5973,
"2024-12-04 02:00:00",6082,9112
"2024-12-04 02:10:00",6256,
"2024-12-04 02:20:00",6293,
"2024-12-04 02:30:00",6482,
"2024-12-04 02:40:00",6645,
"2024-12-04 02:50:00",6779,
"2024-12-04 03:00:00",6872,9108
"2024-12-04 03:10:00",6935,
"2024-12-04 03:20:00",6982,
"2024-12-04 03:30:00",7010,
"2024-12-04 03:40:00",7013,
"2024-12-04 03:50:00",7133,
"2024-12-04 04:00:00",7246,9108
"2024-12-04 04:10:00",7409,
"2024-12-04 04:20:00",7611,
"2024-12-04 04:30:00",7727,
"2024-12-04 04:40:00",7963,
"2024-12-04 04:50:00",8022,
"2024-12-04 05:00:00",8019,9107
"2024-12-04 05:10:00",7957,
"2024-12-04 05:20:00",7884,
"2024-12-04 05:30:00",7829,
"2024-12-04 05:40:00",7729,
"2024-12-04 05:50:00",7665,
"2024-12-04 06:00:00",7574,9105
"2024-12-04 06:10:00",7547,
"2024-12-04 06:20:00",7548,
"2024-12-04 06:30:00",7586,
"2024-12-04 06:40:00",7589,
"2024-12-04 06:50:00",7578,
"2024-12-04 07:00:00",7606,9109
"2024-12-04 07:10:00",7662,
"2024-12-04 07:20:00",7713,
"2024-12-04 07:30:00",7807,
"2024-12-04 07:40:00",7941,
"2024-12-04 07:50:00",7935,
"2024-12-04 08:00:00",7952,9101
"2024-12-04 08:10:00",7981,
"2024-12-04 08:20:00",8059,
"2024-12-04 08:30:00",8091,
"2024-12-04 08:40:00",8190,
"2024-12-04 08:50:00",8255,
"2024-12-04 09:00:00",8281,9092
"2024-12-04 09:10:00",8299,
"2024-12-04 09:20:00",8322,
"2024-12-04 09:30:00",8265,
"2024-12-04 09:40:00",8277,
"2024-12-04 09:50:00",8363,
"2024-12-04 10:00:00",8392,9082
"2024-12-04 10:10:00",8488,
"2024-12-04 10:20:00",8686,
"2024-12-04 10:30:00",9004,
"2024-12-04 10:40:00",9316,
"2024-12-04 10:50:00",9741,
"2024-12-04 11:00:00",10085,9072
"2024-12-04 11:10:00",10527,
"2024-12-04 11:20:00",11026,
"2024-12-04 11:30:00",11499,
"2024-12-04 11:40:00",12078,
"2024-12-04 11:50:00",12687,
"2024-12-04 12:00:00",13187,9063
"2024-12-04 12:10:00",13757,
"2024-12-04 12:20:00",14352,
"2024-12-04 12:30:00",14961,
"2024-12-04 12:40:00",15531,
"2024-12-04 12:50:00",16070,
"2024-12-04 13:00:00",16534,9051
"2024-12-04 13:10:00",16988,
"2024-12-04 13:20:00",17313,
"2024-12-04 13:30:00",17693,
"2024-12-04 13:40:00",18135,
"2024-12-04 13:50:00",18476,
"2024-12-04 14:00:00",18565,9042
"2024-12-04 14:10:00",18573,
"2024-12-04 14:20:00",18482,
"2024-12-04 14:30:00",18267,
"2024-12-04 14:40:00",17940,
"2024-12-04 14:50:00",17423,
"2024-12-04 15:00:00",16804,9025
"2024-12-04 15:10:00",15969,
"2024-12-04 15:20:00",15262,
"2024-12-04 15:30:00",14547,
"2024-12-04 15:40:00",13695,
"2024-12-04 15:50:00",12969,
"2024-12-04 16:00:00",12271,9033
"2024-12-04 16:10:00",11446,
"2024-12-04 16:20:00",10720,
"2024-12-04 16:30:00",10234,
"2024-12-04 16:40:00",9600,
"2024-12-04 16:50:00",9084,
"2024-12-04 17:00:00",8627,9044
"2024-12-04 17:10:00",8164,
"2024-12-04 17:20:00",7827,
"2024-12-04 17:30:00",7515,
"2024-12-04 17:40:00",7168,
"2024-12-04 17:50:00",6848,
"2024-12-04 18:00:00",6644,9051
"2024-12-04 18:10:00",6418,
"2024-12-04 18:20:00",6244,
"2024-12-04 18:30:00",6105,
"2024-12-04 18:40:00",5943,
"2024-12-04 18:50:00",5791,
"2024-12-04 19:00:00",5591,9051
"2024-12-04 19:10:00",5509,
"2024-12-04 19:20:00",5384,
"2024-12-04 19:30:00",5266,
"2024-12-04 19:40:00",5216,
"2024-12-04 19:50:00",5173,
"2024-12-04 20:00:00",5064,9051
"2024-12-04 20:10:00",5007,
"2024-12-04 20:20:00",4982,
"2024-12-04 20:30:00",4931,
"2024-12-04 20:40:00",4889,
"2024-12-04 20:50:00",4806,
"2024-12-04 21:00:00",4774,9053
"2024-12-04 21:10:00",4706,
"2024-12-04 21:20:00",4660,
"2024-12-04 21:30:00",4661,
"2024-12-04 21:40:00",4609,
"2024-12-04 21:50:00",4579,
"2024-12-04 22:00:00",4568,9050
"2024-12-04 22:10:00",4550,
"2024-12-04 22:20:00",4509,
"2024-12-04 22:30:00",4522,
"2024-12-04 22:40:00",4547,
"2024-12-04 22:50:00",4552,
"2024-12-04 23:00:00",4506,9048
"2024-12-04 23:10:00",4433,
"2024-12-04 23:20:00",4435,
"2024-12-04 23:30:00",4432,
"2024-12-04 23:40:00",4457,
"2024-12-04 23:50:00",4448,
"2024-12-05 00:00:00",4487,9042
"2024-12-05 00:10:00",4591,
"2024-12-05 00:20:00",4621,
"2024-12-05 00:30:00",4726,
"2024-12-05 00:40:00",4841,
"2024-12-05 00:50:00",5046,
"2024-12-05 01:00:00",5171,9034
"2024-12-05 01:10:00",5229,
"2024-12-05 01:20:00",5428,
"2024-12-05 01:30:00",5556,
"2024-12-05 01:40:00",5699,
"2024-12-05 01:50:00",5796,
"2024-12-05 02:00:00",6029,9031
"2024-12-05 02:10:00",6222,
"2024-12-05 02:20:00",6352,
"2024-12-05 02:30:00",6512,
"2024-12-05 02:40:00",6622,
"2024-12-05 02:50:00",6744,
"2024-12-05 03:00:00",6805,9027
"2024-12-05 03:10:00",6877,
"2024-12-05 03:20:00",6956,
"2024-12-05 03:30:00",7010,
"2024-12-05 03:40:00",7042,
"2024-12-05 03:50:00",7091,
"2024-12-05 04:00:00",7188,9018
"2024-12-05 04:10:00",7369,
"2024-12-05 04:20:00",7491,
"2024-12-05 04:30:00",7658,
"2024-12-05 04:40:00",7775,
"2024-12-05 04:50:00",7831,
"2024-12-05 05:00:00",7846,9010
"2024-12-05 05:10:00",7821,
"2024-12-05 05:20:00",7770,
"2024-12-05 05:30:00",7750,
"2024-12-05 05:40:00",7709,
"2024-12-05 05:50:00",7699,
"2024-12-05 06:00:00",7680,9012
"2024-12-05 06:10:00",7591,
"2024-12-05 06:20:00",7542,
"2024-12-05 06:30:00",7523,
"2024-12-05 06:40:00",7509,
"2024-12-05 06:50:00",7495,
"2024-12-05 07:00:00",7517,9009
"2024-12-05 07:10:00",7588,
"2024-12-05 07:20:00",7691,
"2024-12-05 07:30:00",7743,
"2024-12-05 07:40:00",7768,
"2024-12-05 07:50:00",7844,
"2024-12-05 08:00:00",7874,9005
"2024-12-05 08:10:00",7913,
"2024-12-05 08:20:00",7971,
"2024-12-05 08:30:00",8051,
"2024-12-05 08:40:00",8090,
"2024-12-05 08:50:00",8161,
"2024-12-05 09:00:00",8128,9003
"2024-12-05 09:10:00",8147,
"2024-12-05 09:20:00",8115,
"2024-12-05 09:30:00",8138,
"2024-12-05 09:40:00",8229,
"2024-12-05 09:50:00",8304,
"2024-12-05 10:00:00",8298,8990
"2024-12-05 10:10:00",8351,
"2024-12-05 10:20:00",8652,
"2024-12-05 10:30:00",8799,
"2024-12-05 10:40:00",9033,
"2024-12-05 10:50:00",9362,
"2024-12-05 11:00:00",9748,8967
"2024-12-05 11:10:00",10173,
"2024-12-05 11:20:00",10589,
"2024-12-05 11:30:00",11101,
"2024-12-05 11:40:00",11615,
"2024-12-05 11:50:00",12037,
"2024-12-05 12:00:00",12624,8944
"2024-12-05 12:10:00",13265,
"2024-12-05 12:20:00",13886,
"2024-12-05 12:30:00",14384,
"2024-12-05 12:40:00",14957,
"2024-12-05 12:50:00",15463,
"2024-12-05 13:00:00",15932,8922
"2024-12-05 13:10:00",16303,
"2024-12-05 13:20:00",16831,
"2024-12-05 13:30:00",17222,
"2024-12-05 13:40:00",17546,
"2024-12-05 13:50:00",17885,
"2024-12-05 14:00:00",18043,8903
"2024-12-05 14:10:00",18109,
"2024-12-05 14:20:00",18014,
"2024-12-05 14:30:00",17874,
"2024-12-05 14:40:00",17633,
"2024-12-05 14:50:00",17306,
"2024-12-05 15:00:00",16752,8901
"2024-12-05 15:10:00",15896,
"2024-12-05 15:20:00",15169,
"2024-12-05 15:30:00",14456,
"2024-12-05 15:40:00",13676,
"2024-12-05 15:50:00",12986,
"2024-12-05 16:00:00",12334,8906
"2024-12-05 16:10:00",11466,
"2024-12-05 16:20:00",10641,
"2024-12-05 16:30:00",9979,
"2024-12-05 16:40:00",9329,
"2024-12-05 16:50:00",8837,
"2024-12-05 17:00:00",8387,8904
"2024-12-05 17:10:00",7958,
"2024-12-05 17:20:00",7632,
"2024-12-05 17:30:00",7325,
"2024-12-05 17:40:00",7020,
"2024-12-05 17:50:00",6803,
"2024-12-05 18:00:00",6520,8907
"2024-12-05 18:10:00",6214,
"2024-12-05 18:20:00",5964,
"2024-12-05 18:30:00",5819,
"2024-12-05 18:40:00",5676,
"2024-12-05 18:50:00",5483,
"2024-12-05 19:00:00",5391,8904
"2024-12-05 19:10:00",5263,
"2024-12-05 19:20:00",5210,
"2024-12-05 19:30:00",5072,
"2024-12-05 19:40:00",5058,
"2024-12-05 19:50:00",4997,
"2024-12-05 20:00:00",4978,8903
"2024-12-05 20:10:00",4925,
"2024-12-05 20:20:00",4880,
"2024-12-05 20:30:00",4829,
"2024-12-05 20:40:00",4775,
"2024-12-05 20:50:00",4666,
"2024-12-05 21:00:00",4591,8896
"2024-12-05 21:10:00",4509,
"2024-12-05 21:20:00",4487,
"2024-12-05 21:30:00",4466,
"2024-12-05 21:40:00",4452,
"2024-12-05 21:50:00",4412,
"2024-12-05 22:00:00",4365,8889
"2024-12-05 22:10:00",4292,
"2024-12-05 22:20:00",4285,
"2024-12-05 22:30:00",4275,
"2024-12-05 22:40:00",4265,
"2024-12-05 22:50:00",4223,
"2024-12-05 23:00:00",4180,8877
"2024-12-05 23:10:00",1832,
"2024-12-05 23:20:00",3973,
"2024-12-05 23:30:00",4067,
"2024-12-05 23:40:00",4117,
"2024-12-05 23:50:00",4142,
"2024-12-06 00:00:00",4168,8861
"2024-12-06 00:10:00",4203,
"2024-12-06 00:20:00",4305,
"2024-12-06 00:30:00",4386,
"2024-12-06 00:40:00",4500,
"2024-12-06 00:50:00",4604,
"2024-12-06 01:00:00",4690,8842
"2024-12-06 01:10:00",4835,
"2024-12-06 01:20:00",4918,
"2024-12-06 01:30:00",5041,
"2024-12-06 01:40:00",5147,
"2024-12-06 01:50:00",5250,
"2024-12-06 02:00:00",5397,8823
"2024-12-06 02:10:00",5519,
"2024-12-06 02:20:00",5699,
"2024-12-06 02:30:00",5882,
"2024-12-06 02:40:00",6026,
"2024-12-06 02:50:00",6168,
"2024-12-06 03:00:00",6260,8804
"2024-12-06 03:10:00",6289,
"2024-12-06 03:20:00",6264,
"2024-12-06 03:30:00",6347,
"2024-12-06 03:40:00",6338,
"2024-12-06 03:50:00",6437,
"2024-12-06 04:00:00",6644,8796
"2024-12-06 04:10:00",6813,
"2024-12-06 04:20:00",6998,
"2024-12-06 04:30:00",7229,
"2024-12-06 04:40:00",7350,
"2024-12-06 04:50:00",7449,
"2024-12-06 05:00:00",7491,8790
"2024-12-06 05:10:00",7488,
"2024-12-06 05:20:00",7451,
"2024-12-06 05:30:00",7458,
"2024-12-06 05:40:00",7477,
"2024-12-06 05:50:00",7414,
"2024-12-06 06:00:00",7441,8795
"2024-12-06 06:10:00",7464,
"2024-12-06 06:20:00",7460,
"2024-12-06 06:30:00",7487,
"2024-12-06 06:40:00",7528,
"2024-12-06 06:50:00",7556,
"2024-12-06 07:00:00",7554,8805
"2024-12-06 07:10:00",7557,
"2024-12-06 07:20:00",7604,
"2024-12-06 07:30:00",7694,
"2024-12-06 07:40:00",7724,
"2024-12-06 07:50:00",7810,
"2024-12-06 08:00:00",7881,8815
"2024-12-06 08:10:00",7913,
"2024-12-06 08:20:00",7986,
"2024-12-06 08:30:00",8064,
"2024-12-06 08:40:00",8119,
"2024-12-06 08:50:00",8120,
"2024-12-06 09:00:00",8130,8829
"2024-12-06 09:10:00",8144,
"2024-12-06 09:20:00",8147,
"2024-12-06 09:30:00",8240,
"2024-12-06 09:40:00",8362,
"2024-12-06 09:50:00",8427,
"2024-12-06 10:00:00",8501,8847
"2024-12-06 10:10:00",8652,
"2024-12-06 10:20:00",8815,
"2024-12-06 10:30:00",9043,
"2024-12-06 10:40:00",9346,
"2024-12-06 10:50:00",9636,
"2024-12-06 11:00:00",9962,8856
"2024-12-06 11:10:00",10368,
"2024-12-06 11:20:00",10819,
"2024-12-06 11:30:00",11195,
"2024-12-06 11:40:00",11671,
"2024-12-06 11:50:00",12161,
"2024-12-06 12:00:00",12754,8853
"2024-12-06 12:10:00",13318,
"2024-12-06 12:20:00",13796,
"2024-12-06 12:30:00",14293,
"2024-12-06 12:40:00",14817,
"2024-12-06 12:50:00",15335,
"2024-12-06 13:00:00",15745,8836
"2024-12-06 13:10:00",16135,
"2024-12-06 13:20:00",14682,
"2024-12-06 13:30:00",16699,
"2024-12-06 13:40:00",17077,
"2024-12-06 13:50:00",17414,
"2024-12-06 14:00:00",17650,8833
"2024-12-06 14:10:00",17870,
"2024-12-06 14:20:00",18010,
"2024-12-06 14:30:00",18037,
"2024-12-06 14:40:00",17934,
"2024-12-06 14:50:00",17797,
"2024-12-06 15:00:00",17517,8862
"2024-12-06 15:10:00",17072,
"2024-12-06 15:20:00",16723,
"2024-12-06 15:30:00",16221,
"2024-12-06 15:40:00",15666,
"2024-12-06 15:50:00",15057,
"2024-12-06 16:00:00",14442,8945
"2024-12-06 16:10:00",13754,
"2024-12-06 16:20:00",13123,
"2024-12-06 16:30:00",12463,
"2024-12-06 16:40:00",11910,
"2024-12-06 16:50:00",11370,
"2024-12-06 17:00:00",10738,9038
"2024-12-06 17:10:00",10224,
"2024-12-06 17:20:00",9654,
"2024-12-06 17:30:00",9188,
"2024-12-06 17:40:00",8733,
"2024-12-06 17:50:00",8346,
"2024-12-06 18:00:00",7942,9094
"2024-12-06 18:10:00",7612,
"2024-12-06 18:20:00",7326,
"2024-12-06 18:30:00",7049,
"2024-12-06 18:40:00",6688,
"2024-12-06 18:50:00",6444,
"2024-12-06 19:00:00",6202,9125
"2024-12-06 19:10:00",5902,
"2024-12-06 19:20:00",5755,
"2024-12-06 19:30:00",5600,
"2024-12-06 19:40:00",5463,
"2024-12-06 19:50:00",5336,
"2024-12-06 20:00:00",5202,9134
"2024-12-06 20:10:00",5079,
"2024-12-06 20:20:00",4993,
"2024-12-06 20:30:00",4937,
"2024-12-06 20:40:00",4840,
"2024-12-06 20:50:00",4815,
"2024-12-06 21:00:00",4803,9141
"2024-12-06 21:10:00",4731,
"2024-12-06 21:20:00",4642,
"2024-12-06 21:30:00",4666,
"2024-12-06 21:40:00",4623,
"2024-12-06 21:50:00",4604,
"2024-12-06 22:00:00",4577,9148
"2024-12-06 22:10:00",4557,
"2024-12-06 22:20:00",4526,
"2024-12-06 22:30:00",4544,
"2024-12-06 22:40:00",4518,
"2024-12-06 22:50:00",4509,
"2024-12-06 23:00:00",4508,9169
"2024-12-06 23:10:00",4521,
"2024-12-06 23:20:00",4523,
"2024-12-06 23:30:00",4589,
"2024-12-06 23:40:00",4723,
"2024-12-06 23:50:00",4765,
"2024-12-07 00:00:00",4879,9202
"2024-12-07 00:10:00",4961,
"2024-12-07 00:20:00",5088,
"2024-12-07 00:30:00",5181,
"2024-12-07 00:40:00",5320,
"2024-12-07 00:50:00",5484,
"2024-12-07 01:00:00",5581,9259
"2024-12-07 01:10:00",5813,
"2024-12-07 01:20:00",6034,
"2024-12-07 01:30:00",6271,
"2024-12-07 01:40:00",6468,
"2024-12-07 01:50:00",6699,
"2024-12-07 02:00:00",6929,9348
"2024-12-07 02:10:00",7224,
"2024-12-07 02:20:00",7514,
"2024-12-07 02:30:00",7825,
"2024-12-07 02:40:00",8135,
"2024-12-07 02:50:00",8430,
"2024-12-07 03:00:00",8667,9465
"2024-12-07 03:10:00",8910,
"2024-12-07 03:20:00",9046,
"2024-12-07 03:30:00",9120,
"2024-12-07 03:40:00",9268,
"2024-12-07 03:50:00",9405,
"2024-12-07 04:00:00",9510,9592
"2024-12-07 04:10:00",9637,
"2024-12-07 04:20:00",9833,
"2024-12-07 04:30:00",10044,
"2024-12-07 04:40:00",10377,
"2024-12-07 04:50:00",10598,
"2024-12-07 05:00:00",10819,9763
"2024-12-07 05:10:00",10998,
"2024-12-07 05:20:00",11187,
"2024-12-07 05:30:00",11407,
"2024-12-07 05:40:00",11653,
"2024-12-07 05:50:00",11775,
"2024-12-07 06:00:00",11899,9967
"2024-12-07 06:10:00",12073,
"2024-12-07 06:20:00",12295,
"2024-12-07 06:30:00",12427,
"2024-12-07 06:40:00",12599,
"2024-12-07 06:50:00",12654,
"2024-12-07 07:00:00",12719,10170
"2024-12-07 07:10:00",12796,
"2024-12-07 07:20:00",12828,
"2024-12-07 07:30:00",12874,
"2024-12-07 07:40:00",12913,
"2024-12-07 07:50:00",12909,
"2024-12-07 08:00:00",12932,10361
"2024-12-07 08:10:00",12893,
"2024-12-07 08:20:00",12903,
"2024-12-07 08:30:00",12869,
"2024-12-07 08:40:00",12815,
"2024-12-07 08:50:00",12725,
"2024-12-07 09:00:00",12573,10526
"2024-12-07 09:10:00",12396,
"2024-12-07 09:20:00",12262,
"2024-12-07 09:30:00",12093,
"2024-12-07 09:40:00",11982,
"2024-12-07 09:50:00",11867,
"2024-12-07 10:00:00",11720,10629
"2024-12-07 10:10:00",11694,
"2024-12-07 10:20:00",11674,
"2024-12-07 10:30:00",11746,
"2024-12-07 10:40:00",11895,
"2024-12-07 10:50:00",12241,
"2024-12-07 11:00:00",12471,10718
"2024-12-07 11:10:00",12829,
"2024-12-07 11:20:00",13178,
"2024-12-07 11:30:00",13523,
"2024-12-07 11:40:00",13952,
"2024-12-07 11:50:00",14409,
"2024-12-07 12:00:00",14911,10779
"2024-12-07 12:10:00",15337,
"2024-12-07 12:20:00",15697,
"2024-12-07 12:30:00",16130,
"2024-12-07 12:40:00",16571,
"2024-12-07 12:50:00",16938,
"2024-12-07 13:00:00",17293,10825
"2024-12-07 13:10:00",17581,
"2024-12-07 13:20:00",17986,
"2024-12-07 13:30:00",18275,
"2024-12-07 13:40:00",18538,
"2024-12-07 13:50:00",18758,
"2024-12-07 14:00:00",18892,10860
"2024-12-07 14:10:00",19039,
"2024-12-07 14:20:00",19107,
"2024-12-07 14:30:00",19158,
"2024-12-07 14:40:00",19086,
"2024-12-07 14:50:00",18967,
"2024-12-07 15:00:00",18614,10893
"2024-12-07 15:10:00",18297,
"2024-12-07 15:20:00",17911,
"2024-12-07 15:30:00",17443,
"2024-12-07 15:40:00",16837,
"2024-12-07 15:50:00",16289,
"2024-12-07 16:00:00",15531,10927
"2024-12-07 16:10:00",14764,
"2024-12-07 16:20:00",14187,
"2024-12-07 16:30:00",13571,
"2024-12-07 16:40:00",13000,
"2024-12-07 16:50:00",12414,
"2024-12-07 17:00:00",11880,10968
"2024-12-07 17:10:00",11312,
"2024-12-07 17:20:00",10753,
"2024-12-07 17:30:00",10329,
"2024-12-07 17:40:00",9926,
"2024-12-07 17:50:00",9509,
"2024-12-07 18:00:00",9155,11017
"2024-12-07 18:10:00",8676,
"2024-12-07 18:20:00",8268,
"2024-12-07 18:30:00",8010,
"2024-12-07 18:40:00",7754,
"2024-12-07 18:50:00",7455,
"2024-12-07 19:00:00",7276,11064
"2024-12-07 19:10:00",7019,
"2024-12-07 19:20:00",6789,
"2024-12-07 19:30:00",6574,
"2024-12-07 19:40:00",6372,
"2024-12-07 19:50:00",6235,
"2024-12-07 20:00:00",6107,11106
"2024-12-07 20:10:00",5990,
"2024-12-07 20:20:00",5876,
"2024-12-07 20:30:00",5764,
"2024-12-07 20:40:00",5707,
"2024-12-07 20:50:00",5640,
"2024-12-07 21:00:00",5548,11144
"2024-12-07 21:10:00",5474,
"2024-12-07 21:20:00",5429,
"2024-12-07 21:30:00",5385,
"2024-12-07 21:40:00",5360,
"2024-12-07 21:50:00",5327,
"2024-12-07 22:00:00",5261,11180
"2024-12-07 22:10:00",5243,
"2024-12-07 22:20:00",5237,
"2024-12-07 22:30:00",5227,
"2024-12-07 22:40:00",5263,
"2024-12-07 22:50:00",5229,
"2024-12-07 23:00:00",5249,11213
"2024-12-07 23:10:00",5235,
"2024-12-07 23:20:00",5258,
"2024-12-07 23:30:00",5282,
"2024-12-07 23:40:00",5323,
"2024-12-07 23:50:00",5350,
"2024-12-08 00:00:00",5442,11245
"2024-12-08 00:10:00",5484,
"2024-12-08 00:20:00",5577,
"2024-12-08 00:30:00",5693,
"2024-12-08 00:40:00",5914,
"2024-12-08 00:50:00",6056,
"2024-12-08 01:00:00",6292,11290
"2024-12-08 01:10:00",6505,
"2024-12-08 01:20:00",6783,
"2024-12-08 01:30:00",7050,
"2024-12-08 01:40:00",7334,
"2024-12-08 01:50:00",7624,
"2024-12-08 02:00:00",7909,11291
"2024-12-08 02:10:00",8200,
"2024-12-08 02:20:00",8328,11291